UID,Naam bedrijf,Datum laatst gecontacteerd,Status
PL1,Advipro,08/08/2024,Hot prospect
PL2,Telenet,12/01/2024,Prospect
PL3,BASF,11/01/2024,Prospect
PL4,Board of Innovation,x,Prospect
PL5,JBC - ClaesRetail,04/09/2024,Prospect
PL6,Collectief,04/09/2024,Prospect
PL7,Torfs,05/03/2024,Prospect
PL8,ePact,29/08/2024,Prospect
PL9,Whatscooking,28/08/2024,Prospect
PL10,Maes Industries,21/08/2024,Prospect
PL11,Groep Maes,21/08/2024,Prospect
PL12,IKEA,21/08/2024,Prospect
PL13,TPO Agency,21/08/2024,Prospect
PL14,Manuchar,14/08/2024,Prospect
PL15,Gemeente Aalter,18/01/2024,Prospect
PL16,Van Lanschot,14/08/2024,Prospect
PL17,MobilityPlus,14/08/2024,Prospect
PL18,De Vijver VZW,14/05/2024,Prospect
PL19,ChipSoft België,20/02/2024,Prospect
PL20,HH Global,09/08/2024,Prospect
PL21,Sereni,31/05/2024,Prospect
PL22,RecruitrLAB,14/05/2024,Prospect
PL23,Carglass,26/06/2024,Klant
PL24,Pfizer Hoofdzetel België & Luxemburg,30/01/2024,Prospect
PL25,Argenta,16/03/2023,Prospect
PL26,Spindle,23/01/2024,Prospect
PL27,Digipolitans,09/08/2024,Hot prospect
PL28,Insilencio,08/08/2024,Prospect
PL29,ION,08/08/2024,Prospect
PL30,NexusHealth,01/12/2023,Prospect
PL31,Scania Nederland,24/11/2023,Prospect
PL32,Drix,25/12/2023,Prospect
PL33,TheValueChain Gumption,10/06/2024,Prospect
PL34,Goed,12/12/2023,Prospect
PL35,Autajon Labels Belgium,31/10/2023,Prospect
PL36,Tec NV,02/11/2023,Prospect
PL37,Nexios IT,22/11/2023,Prospect
PL38,Movify,27/06/2024,Prospect
PL39,NMBS-SNCB,29/11/2023,Prospect
PL40,Yontec NV,06/12/2023,Prospect
PL41,Era Belgium,11/12/2023,Prospect
PL42,4P square,12/12/2023,Prospect
PL43,Motrac,12/12/2023,Prospect
PL44,Medpace,28/12/2023,Prospect
PL45,Aldi,23/05/2024,Prospect
PL46,Het Rode Kruis,08/12/2023,Prospect
PL47,Savaco,08/08/2024,Klant
PL48,DSM Keukens,12/12/2023,Prospect
PL49,Van den Broele,20/12/2023,Prospect
PL50,O2O,09/01/2024,Prospect
PL51,Auto1 Group,08/08/2024,Prospect
PL52,Stad Aalst,12/01/2024,Prospect
PL53,O'learys,08/01/2024,Prospect
PL54,Gorilla,08/01/2024,Prospect
PL55,Covestro,26/06/2024,Nieuwe klant
PL56,Multi Engineering,11/06/2024,Prospect
PL57,astara Western Europe NV,08/01/2024,Prospect
PL58,ABB NV,09/01/2024,Prospect
PL59,3D-ICT,10/01/2024,Prospect
PL60,Febelco,31/07/2024,Klant
PL61,TriFinance,29/07/2024,Klant
PL62,Optimile,24/07/2024,Prospect
PL63,The Belgian,17/01/2024,Prospect
PL64,Abylsen,07/06/2024,Prospect
PL65,Halito - Invitedesk,24/07/2024,Prospect
PL66,Ciner Glass Belgium,15/01/2024,Prospect
PL67,Quatra,15/01/2024,Prospect
PL68,Dynalogic,18/01/2024,Prospect
PL69,TecQuality,18/01/2024,Prospect
PL70,Teach for Belgium,23/01/2024,Prospect
PL71,Brand Activators,19/01/2024,Prospect
PL72,AXA Belgium,05/06/2024,Prospect
PL73,Delhaize,22/07/2024,Prospect
PL74,Lemon,19/07/2024,prospect
PL75,Lancesoft Europe,04/07/2024,Prospect
PL76,Sofico,31/01/2024,Prospect
PL77,Mext group,11/01/2024,Prospect
PL78,Q Team,23/01/2024,Prospect
PL79,Sligro,21/06/2024,Prospect
PL80,Lansweeper,24/01/2024,Prospect
PL81,Stadim,06/05/2024,Prospect
PL82,Katoen natie,05/10/2023,Prospect
PL83,Reynaers Aluminium,21/06/2024,Prospect
PL84,Beko Belgium,05/12/2023,Prospect
PL85,VAN IN,19/06/2024,Prospect
PL86,Boels Rental,11/12/2023,Prospect
PL87,Toyota Material Handling,13/12/2023,Prospect
PL88,Mensura,19/06/2024,Prospect
PL89,Lidl,08/05/2024,Prospect
PL90,IDEWE,19/06/2024,Prospect
PL91,Gilbert de Clerck,18/12/2023,Prospect
PL92,Spacewell,21/12/2023,Prospect
PL93,OLV Aalst,21/12/2023,Prospect
PL94,ACC,28/12/2023,Prospect
PL95,Atlas Copco,04/01/2023,Prospect
PL96,Bank Van Breda,06/08/2024,Klant
PL97,Education First ,19/06/2024,Prospect
PL98,ElmosExpert,12/01/2024,Prospect
PL99,DSV,21/12/2023,Prospect
PL100,PIA Group,23/07/2024,Klant
PL101,Aphea.Bio,23/08/2024,Prospect
PL102,Conway,20/12/2023,Klant
PL103,Monin-it,05/09/2024,Hot prospect
PL104,The Frontline Company BVBA,18/01/2024,Prospect
PL105,Lannoo,10/06/2024,Prospect
PL106,DPG Media,21/08/2024,Prospect
PL107,TMS Industrial Services,03/01/2024,Prospect
PL108,Actum Services,04/01/2024,Prospect
PL109,Agristo,05/01/2024,Prospect
PL110,Melexis,06/06/2024,Prospect
PL111,Anoa Care,05/01/2024,Prospect
PL112,TechWolf,08/01/2024,Prospect
PL113,Brussels Airport Company,08/01/2024,Prospect
PL114,Natuurpunt,08/01/2024,Prospect
PL115,Verhelst Group,08/01/2024,Prospect
PL116,Korian,09/01/2024,Prospect
PL117,Yuki Visma,20/08/2024,Prospect
PL118,Toqua,10/01/2024,Prospect
PL119,Bakkerij Aernoudt,12/01/2024,Prospect
PL120,STADSBADER CONTRACTORS BV,12/01/2024,Prospect
PL121,USG Professionals,06/06/2024,Prospect
PL122,Igean Milieu & Veiligheid,16/01/2024,Prospect
PL123,Centric,16/01/2024,Prospect
PL124,Verisure,08/01/2024,Prospect
PL125,Puratos,10/01/2024,Prospect
PL126,Springbok Agency,09/01/2024,Prospect
PL127,Soubry,15/01/2024,Prospect
PL128,threon,09/01/2024,Prospect
PL129,Bayer,23/01/2024,Prospect
PL130,Bluecrux,24/04/2024,Prospect
PL131,Gumption Group,12/06/2024,Prospect
PL132,General MediQs,08/01/2024,Prospect
PL133,Xylos NV,19/04/2024,Prospect
PL134,Brainbridge,05/08/2024,Nieuwe klant
PL135,Oxygen,28/05/2024,Prospect
PL136,Engie,13/05/2024,Prospect
PL137,iBanFirst,08/05/2024,Prospect
PL138,Keyrus,08/05/2024,Prospect
PL139,Hyperion,25/04/2024,Prospect
PL140,Kunnig,25/04/2024,Prospect
PL141,Grand Vision Belgium,25/04/2024,Prospect
PL142,Van Moer Logistics,,Prospect
PL143,Kreon,,Prospect
PL144,Dropsolid Digital Expercience,,Prospect
PL145,Sibelga,,Prospect
PL146,SBB Bedrijfsdiensten,,Prospect
PL147,Update-pro,,Prospect
PL148,De Mobiliteitsmakelaar,,Prospect
PL149,Soudal,,Prospect
PL150,Investr,,Prospect
PL151,Brouwerij Martens,,Prospect
PL152,Bleckmann,,Prospect
PL153,Besix Infra,,Prospect
PL154,Vinci Energies Belgium,,Prospect
PL155,In4Matic,,Prospect
PL156,Smartmat / Foodbag,,Prospect
PL157,Stadsbader NV,,Prospect
PL158,Q8,,Prospect
PL159,Logi-Technic,,Prospect
PL160,Arxus,,Klant
PL161,Amista,,Klant
PL162,Baltimore Aircoil International,,Klant
PL163,Exellys,,Prospect
PL164,Eubelius,,Prospect
PL165,Jobat,,Klant
PL166,Remant Transport Architects,,Klant
PL167,Beko,,Prospect
PL168,Turbulent,,Prospect
PL169,BENTON,,Klant
PL170,Cordeel Group,,Klant
PL171,Adpo Group,,Prospect
PL172,Influo,,Prospect
PL173,Futureproofed (Sweco),,Prospect
PL174,Sander,,Prospect
PL175,La Lorraine bakery group,,Prospect
PL176,Attentia,,Prospect
PL177,Arvesta,,Prospect
PL178,iCredit,,Prospect
PL179,Securex,,Prospect
PL180,YAASS!,,Nieuwe klant
PL181,Beobank,,Prospect
PL182,Tenneco,,Prospect
PL183,Lantis,,Prospect
PL184,UZ Brussel,,Prospect
PL185,Building Technology,,Prospect
PL186,AB Inbev,,Prospect
PL187,CTG Belgium,,Prospect
PL188,PepsiCo,,Prospect
PL189,The Chocolate Family,,Prospect
PL190,Heylen Vastgoed,,Prospect
PL191,Euroports Group BV,,Prospect
PL192,Uptime Group,,Prospect
PL193,OMP,,Prospect
PL194,Biztory,,Prospect
PL195,Kono Consultants,,Prospect
PL196,IQVIA,,Prospect
PL197,Seafrigo,,Prospect
PL198,Universiteit Antwerpen,,Prospect
PL199,Dachser,,Prospect
PL200,Stad Antwerpen,,Prospect
PL201,Bubka,,Prospect
PL202,Tereos,,Prospect
PL203,Blink Charging Belgium,,Prospect
PL204,Cartamundi North America,,Prospect
PL205,BTI,,Prospect
PL206,Standaard Boekhandel,,Prospect
PL207,MBS Group,,Prospect
PL208,Pluginvest,,Prospect
PL209,SGS Group,,Prospect
PL210,Kingsberry,,Prospect
PL211,Verhelst Groep,,Prospect
PL212,Toreon,,Prospect
PL213,GIMV,,Prospect
PL214,DEME,,Prospect
PL215,Farys,,Prospect
PL216,Geo Square NV,,Prospect
PL217,Agidens Process Automation,,Prospect
PL218,Emeria Benelux,,Prospect
PL219,Skeyes,,Prospect
PL220,Graphius Group,,Prospect
PL221,Revive,,Prospect
PL222,Milcobel,,Prospect
PL223,Beauty Inn BV,,Prospect
PL224,G4S Global,,Prospect
PL225,TUI,,Prospect
PL226,Belgische Federatie Filantropische Stichtingen,,Prospect
PL227,Bluu,,Prospect
PL228,Tosca,,Prospect
PL229,Meyvaert,,Prospect
PL230,Haerens Group,,Prospect
PL231,VeroTech,,Prospect
PL232,Jacques Ice,,Prospect
PL233,Rf-Technologies,,Prospect
PL234,Clarebout potatoes NV,,Prospect
PL235,Pidpa,,Prospect
PL236,Agiliz NV,,Prospect
PL237,Van Laere,,Prospect
PL238,Woonhaven Antwerpen,,Prospect
PL239,Actoplus,,Prospect
PL240,Axilium,,Prospect
PL241,Brouwerij Haacht,,Prospect
PL242,Vlaamse Landmaatschappij,,Prospect
PL243,Apojo Technologies,,Prospect
PL244,P&V Panels ( en niet P&V Verzekeringen ),,Prospect
PL245,Volvo Car (Gent),,Prospect
PL246,Laco,,Prospect
PL247,Matexi,,Prospect
PL248,SCE,,Prospect
PL249,FlowTribe / Lawren.io / Accounton,,Prospect
PL250,In The Pocket,,Prospect
PL251,Baloise Insurance,,Prospect
PL252,Microsoft,,Prospect
PL253,BNP Paribas Fortis,,Prospect
PL254,Purna Pharmaceuticals,,Prospect
PL255,Bigh,,Prospect
PL256,ASAP,,Prospect
PL257,Selecta Belgium,,Prospect
PL258,Vincotte,,Prospect
PL259,Hooba,,Prospect
PL260,Nike,,Prospect
PL261,Van Hoecke,,Prospect
PL262,Jaguar/LandRover,,Prospect
PL263,Dexis Belgium,,Prospect
PL264,Renewi,,Prospect
PL265,Guud Woman,,Prospect
PL266,Bingli,,Prospect
PL267,Feops,,Prospect
PL268,Funkey,,Prospect
PL269,Natura Mater,,Prospect
PL270,Akzo Nobel,,Prospect
PL271,Brunel,,Prospect
PL272,Zentrick / DoubleVerify,,Prospect
PL273,Cheops,,Prospect
PL274,Tobania,,Prospect
PL275,Signature Foods,,Prospect
PL276,IntelliProve,,Prospect
PL277,Awell Health,,Prospect
PL278,Humain,,Prospect
PL279,DP World,,Prospect
PL280,Ravago,,Prospect
PL281,Rombouts,,Prospect
PL282,Unifly,,Prospect
PL283,Klea - Legal Studio,,Prospect
PL284,Cairox Belgium,,Prospect
PL285,Azteq,,Prospect
PL286,Arcadis,,Prospect
PL287,Safran Aircraft Engine Service,,Prospect
PL288,AirShaper,,Prospect
PL289,Beeodiversity,,Prospect
PL290,D-CRBN,,Prospect
PL291,Bank Delen,,Prospect
PL292,Antea Group,,Prospect
PL293,Bimona,,Prospect
PL294,Jumbo Supermarkten,,Prospect
PL295,Eurofins,,Prospect
PL296,Picanol,,Prospect
PL297,MLOZ,,Prospect
PL298,Biotalys,,Prospect
PL299,Precirix,,Prospect
PL300,Nobi,,Prospect
PL301,Upgrade Estate,,Prospect
PL302,Beeple,,Prospect
PL303,9altitudes,,Prospect
PL304,Stream Software,,Prospect
PL305,Metamaze,,Prospect
PL306,Sepctricity,,Prospect
PL307,Silverfin,,Prospect
PL308,Thynk.Cloud,,Prospect
PL309,Skysun,,Prospect
PL310,Alphabet Belgium,,Prospect
PL311,Aquafin,,Prospect
PL312,Avanade Belgium BVBA (Gent),,Prospect
PL313,Bilfinger,,Prospect
PL314,Brouwerij Alken Maes,,Prospect
PL315,Capgemini,,Prospect
PL316,Delaware,,Prospect
PL317,Distrilog,,Prospect
PL318,Euronav,,Prospect
PL319,Haribo,,Prospect
PL320,Hilti,,Prospect
PL321,Honda Motor Europe Logistics (Gent),,Prospect
PL322,Odoo,,Prospect
PL323,Phished,,Prospect
PL324,Carbon-Alt-Delete,,Prospect
PL325,Digital Realty,,Prospect
PL326,The Shift,,Prospect
PL327,Fluxys,,Prospect
PL328,Redwire Space,,Prospect
PL329,G4S Care NV,,Prospect
PL330,MUFG Bank,,Prospect
PL331,Terumo Europe,,Prospect
PL332,Digipolis,,Prospect
PL333,BNP Paribas Leasing Solutions,,Prospect
PL334,Umicore,,Prospect
PL335,Eriks,,Prospect
PL336,Qover,,Prospect
PL337,3E,,Prospect
PL338,Poppy,,Prospect
PL339,Lizy,,Prospect
PL340,Sentiance,,Prospect
PL341,Bank DeGroof,,Prospect
PL342,Kone Liften Belgium,,Prospect
PL343,Ethias,,Prospect
PL344,VGD,,Prospect
PL345,Goodman,,Prospect
PL346,Gosselin,,Prospect
PL347,Classified Cycling,,Prospect
PL348,Gabari,,Prospect
PL349,Equans,,Prospect
PL350,P&G,,Prospect
PL351,Co2Logic,,Prospect
PL352,Loop Earplugs,,Prospect
PL353,Octave Energy,,Prospect
PL354,Azelis,,Prospect
PL355,D-carbonize,,Prospect
PL356,FrieslandCampina,,Prospect
PL357,ST Engineering iDirect,,Prospect
PL358,Proximus SpearIT,,Prospect
PL359,Acerta,,Prospect
PL360,Arseus Medical Group,,Prospect
PL361,Elia Group,,Prospect
PL362,Kelloggs,,Prospect
PL363,ING,,Prospect
PL364,Johnson&Johnson,,Prospect
PL365,Total Energies,,Prospect
PL366,Live Light,,Prospect
PL367,Freddy met Curry,,Prospect
PL368,EconCore,,Prospect
PL369,Usitoo,,Prospect
PL370,Bosaq,,Prospect
PL371,We are Impact Collective,,Prospect
PL372,Collibra,,Prospect
PL373,Showpad,,Prospect
PL374,Guardsquare,,Prospect
PL375,Datacamp,,Prospect
PL376,Deliverect,,Prospect
PL377,WeGroup,,Prospect
PL378,Alcon,,Prospect
PL379,DHL,,Prospect
PL380,Imtech,,Prospect
PL381,KBC,,Prospect
PL382,Marsh,,Prospect
PL383,Rentokil Initial,,Prospect
PL384,Aion Bank,,Prospect
PL385,C&A,,Prospect
PL386,Samsung,,Prospect
PL387,Unizo,,Prospect
PL388,Willemen,,Prospect
PL389,Xerius,,Prospect
PL390,Zorgbedrijf Antwerpen,,Prospect
PL391,Creadomus,,Prospect
PL392,Dematic,,Prospect
PL393,Diversey,,Prospect
PL394,Konato,,Prospect
PL395,Meat&more,,Prospect
PL396,Nipro,,Prospect
PL397,NMBS,,Prospect
PL398,Rituals,,Prospect
PL399,UPS,,Prospect
PL400,CWS Belux,,Prospect
PL401,Vanbreda Risk & Benefits,,Klant
PL402,Credix,,Prospect
PL403,SweepBright,,Prospect
PL404,Vooruitzicht,,Prospect
PL405,Greenomy,,Prospect
PL406,KPLER Holding,,Prospect
PL407,Solix Search,,Nieuwe klant
PL408,Teamleader,,Prospect
PL409,Alpro - (Vlg mij deel van Danone ),,Prospect
PL410,Water Link,,Prospect
PL411,Vivium,,Prospect
PL412,VAB,,Prospect
PL413,Facilicom,,Prospect
PL414,IMPACT,,Prospect
PL415,Brand Quadergy,,Prospect
PL416,Unilin,,Klant
PL417,AZ Herentals,,Prospect
PL418,Mood.Management,,Prospect
PL419,Mylan EPD BV,,Prospect
PL420,Novartis,,Prospect
PL421,Om Collective,,Prospect
PL422,Option Media,,Prospect
PL423,PATROBA Family Bakers NV,,Prospect
PL424,Pauwels N.V,,Prospect
PL425,Recruitment Architects,,Prospect
PL426,Resengo,,Prospect
PL427,Resilient Business BV,,Prospect
PL428,SD Worx,,Prospect
PL429,Sea Tank Terminal,,Prospect
PL430,Smart Presentations,,Prospect
PL431,Smartwithfood,,Prospect
PL432,Jackon Insulation by BEWI,,
PL433,Smulders,,
PL434,Xplore Group,,
PL435,Sodibe,,
PL436,Sunweb,,
PL437,Sthree,,
PL438,DELA België,,
PL439,Tom&Co,,
PL440,GZA Ziekenhuzien,,
PL441,Dragintra,,
PL442,Headit,,
PL443,Companions,,
PL444,Nespresso/Nestle,,
PL445,ZEB (Fashion Society),,
PL446,Colruyt Group,,
PL447,AB inbev,,
PL448,Bridgestone Europe,,
PL449,Aurubis Olen,,
PL450,Carrefour Belgium,,
PL451,Proximus,,
PL452,Barry Callebaut Belgium,,
PL453,Allianz Benelux,,
PL454,KBC Verzekeringen,,
PL455,Kuwait Petroleum (Belgium),,
PL456,Atlas Copco Airpower,,
PL457,ING België,,
PL458,Telenet (dubbel - zie cx),,
PL459,TD SYNNEX Belgium,,
PL460,Mercedes-Benz Belgium Luxembourg,,
PL461,Komatsu Europe Internat.,,
PL462,P & V Verzekeringen,,
PL463,Chevron Phillips Chemicals,,
PL464,Eneco Belgium,,
PL465,Estée Lauder,,
PL466,SJM Coordination Center (nu Abott),,
PL467,Nationale Loterij,,
PL468,Elia Transmission Belgium,,
PL469,Ontex,,
PL470,DAF Trucks België,,
PL471,Levi Strauss & Co Europe,,
PL472,Jan De Nul,,
PL473,Envalior,,
PL474,BICS,,
PL475,Action Belgium,,
PL476,Inter Partner Assistance,,
PL477,TotalEnergies Refinery Antwerp,,
PL478,Kuehne + Nagel,,
PL479,Fabricom,,
PL480,Fluxys Belgium,,
PL481,UPS Europe,,
PL482,EuroChem Antwerpen,,
PL483,DHL Global Forwarding,,
PL484,TalentBay,,
PL485,IMEC,,
PL486,Aluminium Duffel,,
PL487,Cepa,,
PL488,The Bank of New York Mellon,,
PL489,De Watergroep,,
PL490,DKV Belgium,,
PL491,"Aquafin (dubbel ACS ok, andere CP)",,
PL492,Argenta Spaarbank,,
PL493,JD Sports Fashion Belgium,,
PL494,Worldline,,
PL495,Athora Belgium,,
PL496,BelOrta,,
PL497,Janssen-Cilag,,
PL498,Ets. L. Lacroix Fils,,
PL499,Van Hool,,
PL500,Alpha Credit,,
PL501,Albert Heijn België,,
PL502,FWO,,
PL503,Hubo België,,
PL504,Lubrizol Advanced Materials Europe,,
PL505,KBC Groep,,
PL506,Agfa,,
PL507,Smals,,
PL508,GB Foods Belgium,,
PL509,Krëfel,,
PL510,Agfa-Gevaert,,
PL511,Nestlé Belgilux,,
PL512,Schenker,,
PL513,LeasePlan,,
PL514,NTT Belgium,,
PL515,Kaneka Belgium,,
PL516,DSV Air & Sea,,
PL517,Siemens Healthcare,,
PL518,Inditex Belgique,,
PL519,DHL International,,
PL520,United Parcel Service Belgium,,
PL521,SAP Belgium,,
PL522,Gyproc / Isover,,
PL523,VPK Packaging,,
PL524,PPG Coatings Belgium,,
PL525,Duvel Moortgat,,
PL526,Essity Belgium,,
PL527,Desco,,
PL528,DEME Offshore BE,,
PL529,Yara Belgium,,
PL530,3M Belgium,,
PL531,Danone Rotselaar SP,,
PL532,Ysco,,
PL533,Eviden Belgium,,
PL534,Securitas,,
PL535,H & M Hennes & Mauritz,,
PL536,ISS Facility Services,,
PL537,Henkel Belgium,,
PL538,C&A België,,
PL539,Sodexo Belgium,,
PL540,Mars Belgium,,
PL541,Aon Belgium,,
PL542,Tata Consultancy Services Belgium,,
PL543,Ineos Styrolution Belgium,,
PL544,General Services Antwerp,,
PL545,Hewlett Packard Enterprise Belgium,,
PL546,Pauwels,,
PL547,Pharma Logistics,,
PL548,Sligro Food Group Belgium,,
PL549,Indaver,,
PL550,AS Adventure,,
PL551,C&A Buying,,
PL552,Sanofi Belgium,,
PL553,Asco Industries,,
PL554,Servauto Belgium,,
PL555,DHL Aviation,,
PL556,Alcon-Couvreur,,
PL557,FedEx Express BE,,
PL558,FEDERALE ASSURANCE,,
PL559,Sweco Belgium,,
PL560,Greenyard Fresh Belgium,,
PL561,Zeeman Textiel Supers,,
PL562,Apok,,
PL563,Nokia Bell,,
PL564,Scania BeNeLux,,
PL565,Air Products,,
PL566,Recticel,,
PL567,Signify Belgium,,
PL568,Becton Dickinson Distribution Cent.,,
PL569,STG,,
PL570,Stadsbader Contractors,,
PL571,Sarens,,
PL572,Veolia,,
PL573,ABB,,
PL574,TUI Belgium Retail,,
PL575,bpost bank,,
PL576,Tuc Rail,,
PL577,Verbraeken Infra,,
PL578,PPD Global Central Labs,,
PL579,Livlina,,
PL580,Casa International,,
PL581,Ineos Manufacturing Belgium,,
PL582,Artes Roegiers,,
PL583,Nippon Gases Belgium,,
PL584,Continental Automotive Benelux,,
PL585,Caterpillar Distribution Services,,
PL586,Goed Farma,,
PL587,Henco Industries,,
PL588,Jumbo België,,
PL589,Niko,,
PL590,Arlanxeo Belgium,,
PL591,Cleaning Masters,,
PL592,Colas Belgium,,
PL593,Akzo Nobel Paints Belgium,,
PL594,Soprema,,
PL595,Trixolutions,,
PL596,BAM Interbuild,,
PL597,Ordina Belgium,,
PL598,Altrad Services,,
PL599,DSV Road,,
PL600,Eriks Belgium,,
PL601,Cisco Systems Belgium,,
PL602,Grand Opticiens Belgium,,
PL603,Toyota Material Handling Belgium,,
PL604,Etex Building Performance,,
PL605,Ericsson,,
PL606,Veolia Environmental Services Belux,,
PL607,Gom,,
PL608,Viabuild,,
PL609,Prothya Biosolutions Belgium,,
PL610,Canon Belgium,,
PL611,DHL Supply Chain Belgium,,
PL612,DEME Environmental,,
PL613,Arcadis Belgium,,
PL614,Biscuiterie Thijs,,
PL615,Wolters Kluwer Belgium,,
PL616,OMP,,
PL617,Prefaco,,
PL618,Natra Malle,,
PL619,CBRE GWS Belgium,,
PL620,Strabag Belgium,,
PL621,Safran Aircraft Engine Services,,
PL622,Van Moer Rail,,
PL623,Umami Catering,,
PL624,Wimble Manufacturing Belgium,,
PL625,MBG,,
PL626,Iris Facility Solutions,,
PL627,Bank Nagelmackers,,
PL628,Agfa HealthCare,,
PL629,Griffith Foods,,
PL630,DHL eCommerce (Belgium),,
PL631,Herbosch-Kiere,,
PL632,Rituals Cosmetics Belgium,,
PL633,Sabena Aerospace Engineering,,
PL634,Confiserie Leonidas,,
PL635,Cigna International Health Services,,
PL636,VF Europe,,
PL637,Sonova Retail Belgium,,
PL638,Krinkels,,
PL639,Plus Home Services,,
PL640,Honeywell,,
PL641,W.H. Brady,,
PL642,Goed Hulpmiddelen,,
PL643,Unit-T,,
PL644,Bilfinger Industrial Services,,
PL645,Tarkett,,
PL646,ST Engineering iDirect (Europe) CY,,
PL647,SERIS Security,,
PL648,Mourik,,
PL649,Pluxee Belgium,,
PL650,Ergon,,
PL651,Worley België,,
PL652,Mediafin,,
PL653,Motrac,,
PL654,Lunch Garden,,
PL655,Telenet Retail,,
PL656,Duracell Batteries,,
PL657,Het Agentschap,,
PL658,Procter & Gamble Manufacturing,,
PL659,Cas-Vos,,
PL660,Peeters OIW,,
PL661,Biobest Group,,
PL662,Leen Bakker België,,
PL663,Orange Cyberdefense Belgium,,
PL664,Up Time Groep,,
PL665,Liantis EDPB,,
PL666,Carpenter Engineered Foams Belgium,,
PL667,Cohezio,,
PL668,Devoteam,,
PL669,PVH BRANDS BELGIUM,,
PL670,KMDA,,
PL671,Dela Funerals Assistance 1,,
PL672,Fiducre,,
PL673,"KPMG Tax, Legal & Accountancy",,
PL674,Arvesta,,
PL675,Vinçotte,,
PL676,VINCI Facilities,,
PL677,Konica Minolta Business Solutions,,
PL678,Belgian Icecream Group,,
PL679,Hunkemöller Belgium,,
PL680,Colfridis Logistics,,
PL681,AXI,,
PL682,Swissport Cargo Services Belgium,,
PL683,Verwater Tank & Industrial Services,,
PL684,A.M.L.,,
PL685,Brink's Solutions Belgium,,
PL686,CWS Hygiene België,,
PL687,Econocom Managed Services,,
PL688,Burger Brands Belgium,,
PL689,Bilfinger ROB,,
PL690,Autoveiligheid,,
PL691,Computer Task Group Belgium,,
PL692,Cellcarta,,
PL693,Moore Finance & Tax,,
PL694,Axxes,,
PL695,Upthrust,,
PL696,Jette Clean,,
PL697,Biocartis,,
PL698,CWS Workwear België,,
PL699,Mobility Masters,,
PL700,Care,,
PL701,Otis,,
PL702,Kela,,
PL703,Dienstenbedrijf Easy Life,,
PL704,Cheops Technology,,
PL705,Kaefer België,,
PL706,Hansen Industrial Transmissions,,
PL707,Jan De Nul-Dredging,,
PL708,Köse Cleaning,,
PL709,ON Semiconductor Technology,,
PL710,Pizza Belgium,,
PL711,GXO Logistics Belgium,,
PL712,Instituut v. Tropische Geneeskunde,,
PL713,Logistics Kontich,,
PL714,Hennes & Mauritz Logistics GBC,,
PL715,MSC Shipping,,
PL716,Wibra België,,
PL717,Iris Industry Solutions,,
PL718,Massimo Dutti Belux,,
PL719,Greenyard Logistics Belgium,,
PL720,Normec BTV,,
PL721,Het GielsBos,,
PL722,Protime,,
PL723,CESI-Preventie & Bescherming,,
PL724,VGD Accountants en Belastingconsul.,,
PL725,ORANGE BUSINESS DIGITAL BELGIUM,,
PL726,Borgerstein,,
PL727,USG Professionals,,
PL728,Verisure Security,,
PL729,Trafuco,,
PL730,24+,,
PL731,Crefius,,
PL732,Tupperware Belgium,,
PL733,Rob,,
PL734,Infano,,
PL735,Vlaanderen connect.,,
PL736,Antea Belgium,,
PL737,Heder,,
PL738,Exki,,
PL739,ID Logistics Belgium,,
PL740,Securitas Transport Aviation Secur.,,
PL741,Transnubel,,
PL742,TMC Science & Technology,,
PL743,Nektari,,
PL744,Solutions 30 Field Services,,
PL745,Natuurpunt Beheer,,
PL746,Wase Werkplaats VZW,,
PL747,DXC Field Delivery Belgium,,
PL748,Start People België,,
PL749,Van Moer Distribution,,
PL750,Takeaway.com Express Belgium,,
PL751,Mivas,,
PL752,Ancco Dienstencheques,,
PL753,Dienstenthuis,,
PL754,Felies,,
PL755,CMA CGM Belgium,,
PL756,Bikhh,,
PL757,ARHS Developments Belgium,,
PL758,Ferm Huishoudhulp,,
PL759,Multifunctioneel centrum De Hagewinde,,
PL760,UZA,,
PL761,Imperial Logistics International B.V. & Co. KG,,
PL762,Hamilton Bright Belgium,,
PL763,Emiliani VZW,,
PL764,De Brug Maatwerkbedrijf,,
PL765,Loomis Belgium,,
PL766,Trigion,,
PL767,Vivaldis Interim,,
PL768,PrimaHome,,
PL769,Vlinvesta NV,,
PL770,de Comafin Group B.V.,,
PL771,A.C.G.,,
PL772,Impact Sales & Marketing Belux,,
PL773,Pegode VZW,,
PL774,Maatwerkbedrijf B.W.Bouchout,,
PL775,Arop VZW,,
PL776,Bayer Agriculture,,
PL777,Aralea,,
PL778,Brightnet,,
PL779,Le Comptoir Bruxellois,,
PL780,CONTENTI,,
PL781,Dilito Europe BVBA,,
PL782,Aronia Digital Twin Group,,
PL783,Van Osta Home Service,,
PL784,Kaliber Interactive,,
PL785,FACOS VZW,,
PL786,I.C.T.S. Europe,,
PL787,Hasinto,,
PL788,Aaxe-T.S.,,
PL789,Whitewood,,
PL790,Fenix Services,,
PL791,Dnix,,
PL792,Comforthome,,
PL793,ArcelorMittal Belgium,,
PL794,KBC Bank,,
PL795,Luminus,,
PL796,Versele-Laga,,
PL797,La Lorraine Bakery Group NV,,
PL798,Parte,,
PL799,Eutraco,,
PL800,ENITEQ Engineering,,
PL801,Mint Tandartsen,,
PL802,KOCA VZW,,
PL803,Poppies bakeries,,
PL804,VML,,
PL805,Coca-Cola,,
PL806,Xtra Works,,
PL807,Reca Belux,,
PL808,Anthony Cranes,,
PL809,Grizzly Marketing,,
PL810,On IT BV,,
PL811,Coolblue,,
PL812,Vanheede Environmental Group,,
PL813,digi ,,
PL814,Unmute- You,,
PL815,Vialto Partners,,
PL816,Ufinity,,
PL817,Gudrun,,
PL818,Cummins,,
PL819,Tabaknatie,,
PL820,The Harbour,,
PL821,Mondelez International,,
PL822,Ecopower ,,
PL823,Ajinomoto Omnichem ,,
PL824,Dynapps,,
PL825,Brepols ,,
PL826,Landmeterskantoor Van Eester,,
PL827,Welzijnszorg Kempen,,
PL828,DC Dredging,,
PL829,Hansea,,
PL830,The Foodmaker,,
PL831,Antenno,,
PL832,BDO,,
PL833,Tormans Group,,
PL834,Credon,,
PL835,Allen & Overy,,
PL836,Plainsight,,
PL837,Mobix,,
PL838,Bpost,,
PL839,Mediahuis,,
PL840,Farm Frites,,
PL841,Bennet & Boss,,
PL842,Agfa Gevaert,,
PL843,KA Contsruct,,
PL844,Jeco Energies,,
PL845,Salesdrivers,,
PL846,Hitachi Energy,,
PL847,VITO,,
PL848,SCK CEN,,
PL849,Inovet,,
PL850,Sika Group,,
PL851,Buildr,,
PL852,Loyens & Loeff,,
PL853,Mc Cain,,
PL854,Aertssen,,
PL855,Verpoucke,,
PL856,Banijay Belgium,,
PL857,Greenyard Frozen Belgium,,
PL858,Orfit,,
PL859,Ahlers,,
PL860,AG Solution,,
PL861,Ici Paris XL,,
PL862,Enersee,,
