Status,Gebruikersnaam,Naam,Carerix,Plaats,Bezoekadres.Postcode,Bezoekadres,Regio,Plaats postadres,Postcode postadres,Postadres,Regio postadres,Plaats factuuradres,Postcode factuuradres,Factuuradres,Regio factuuradres,Key account,Bron,Toelichting,Is (ook) leverancier,Is (ook) concurrent,Sector,Branche,Notities,Rechtsvorm,Omzet,Aantal medewerkers,KvK nummer,Debiteurennr.,BTW-nummer,Omschrijving
Hot Prospect,karenvanderaa,TPO Agency,Carerix,Leuven,,Gaston Geenslaan 11 4b,,,,,,,,,,,Anders,Cronos Bedrijf,0,0,Computerservice- en ict-bedrijven,Overig,,,,,,,,
Hot Prospect,karenvanderaa,Bluecrux,Carerix,,,,,,,,,Mechelen,2800,Schaliënhoevedreef 20C,,,Relaties / Netwerk,Karen/Insilecio (Ellen),0,0,Computerservice- en ict-bedrijven,Adviesbureaus op gebied van automatisering en systeemhuizen,"[EVDW 08-10-2021 14:45] Wat is typerend voor Bluecrux? Software, digitale transformatie, supply chain Concurrenten: Deloitte en PWC. Wat BC anders maakt: gevalideerd in de markt, samenwerking met grote Europese headcounters. Ondanks validatie toch vlakke structuur, waar elke collega een grote verantwoordelijkheid heeft. Ownership en innovatie zijn belangrijk. Vragen veel, maar geven veel. ""Hard voor de feiten, zacht voor de mensen"".",,,,,,,
Hot Prospect,20,Biztory,Carerix,Kontich,2550,Prins Boudewijnlaan 24e,Antwerpen,,,,,,,,,,,,0,0,Zakelijke dienstverlening,Overig,,,,,,,,
Hot Prospect,20,JBC,Carerix,Houthalen,3550,Centrum Zuid 34 01,Limburg,Houthalen,3550,Centrum Zuid 34 01,Limburg,Houthalen,3550,Centrum Zuid 34 01,Limburg,,Relaties / Netwerk,via Marthe,0,0,Consumentenartikelen (handel en reparatie),Detailhandel,,NV,,,,,BE 0429.340.608,
Hot Prospect,Elsvandenwyngaert,IMPACT,Carerix,Kontich,2550,Groeningenlei 16,Antwerpen,Kontich,2550,Groeningenlei 16,Antwerpen,,,,,,,,0,0,Zakelijke dienstverlening,"Arbeidsbemiddeling, uitzendbureaus e.d.",[EVDW 28-09-2021 14:37] Ter info: zoeken consultant regio Antwerpen/Kempen.,,,,,,,
Hot Prospect,20,Ici Paris XL,Carerix,,,,,,,,,,,,,,,,0,0,Consumentenartikelen (handel en reparatie),Detailhandel,,,,,,,,
Hot Prospect,Elsvandenwyngaert,Sea Tank Terminal,Carerix,Antwerpen,,,Antwerpen,,,,,Gent,9042,"Skaldenstraat 1, 9042 Gent, Belgium",Oost-Vlaanderen,,Relaties / Netwerk,,0,0,Transport en logistiek,Vervoer over water,"[EVDW 07-01-2022 08:58] In contact gekomen met Veerle via Dries Dierckx. Sea Tank Terminal hoort tot de SEA-invest group, met kantoor in Antwerpen en Gent (hoofdkantoor). Onder Sea Tank Terminal zitten 5 vennootschappen, opgedeeld in Chemie (Gent) en Petrochemie (Antwerpen haven). Activiteit: in- en opslag van liquide producten - klanten huren van hen opslag. 180 arbeiders in volcontinu systeem. Geen 'dokwerkers', eigen arbeiders van Sea Invest. Is best high maintenance doelgroep (met actieve vakbonden). Geen raffinaderij, wel logistiek. Veerle Bekaert is HR Mananger, daarnaast ook Charlotte in HR team (doet rekrutering, meer soft HR gedeelte). Troeven Sea Tank Terminal => waarom kiezen mensen voor hen? - no-nonsense omgeving - ownership/verantwoordelijkheid: je kan veel vastpakken als je wil - veel autonomie",,,,,,BE0420477479,
Hot Prospect,20,Dego Verzekeringen,Carerix,Antwerpen,2060,Diepestraat 91,,,,,,,,,,,Relaties / Netwerk,,0,0,Financiële instellingen,Verzekeraars en pensioenen/algemeen,,,,,,,,
Hot Prospect,20,Axilium,Carerix,Wommelgem,,,Antwerpen,,,,,,,,,,,,0,0,Zakelijke dienstverlening,"Arbeidsbemiddeling, uitzendbureaus e.d.",[RI 13-01-2022 13:57] Engineering detachering,,,,,,,
Hot Prospect,20,Vlerick Business School,Carerix,,,,,,,,,,,,,,,,0,0,Onderwijs,Hoger- en wetenschappelijk onderwijs,,,,,,,,
Hot Prospect,20,Credon,Carerix,Tessenderlo,3980,Industrieweg 116,Limburg,,,,,,,,,,,,0,0,Computerservice- en ict-bedrijven,Databanken,,,,,,,,
Hot Prospect,20,Jansen Group - Maes Industrie,Carerix,,,,,,,,,,,,,,,,0,0,Industrie,Machine- en apparatenbouw,"[RI 11-02-2022 11:06] Studie, installatie en onderhoudsbesdrijf",,,,,,,
Hot Prospect,talentsourcer,Brussels Airport Company,Carerix,Brussel,1030,"Brussels Airport Company NV, Auguste Reyerslaan 80, 1030 Brussel, België",Brussel,,,,,Brussel,1030,"Brussels Airport Company NV, Auguste Reyerslaan 80, 1030 Brussel, Belgi",,,,,0,0,Transport en logistiek,Vervoer door de lucht,Ondernemingsnummer: 0890.082.292,,,,,,BE 0890.082.2952,
Hot Prospect,talentsourcer,Monin-it,Carerix,,,,,,,,,Edegem,2650,Prins Bouwdewijnlaan 41,Antwerpen,,,,0,0,Zakelijke dienstverlening,Overig,,,,,,,,
Hot Prospect,talentsourcer,Novartis,Carerix,,,,,,,,,Vilvoorde,1800,Medialaan 40,,,,,0,0,Gezondheids- en welzijnszorg,Gezondheidszorg/algemeen,,,,,,,,
Hot Prospect,talentsourcer,SD Worx,Carerix,,,,,,,,,Antwerpen,2000,Brouwersvliet 5,Antwerpen,,,,0,0,Zakelijke dienstverlening,Overig,,,,,,,,
Hot Prospect,Elsvandenwyngaert,Grand Vision Belgium,Carerix,Mechelen,2800,"Stationsstraat 102, 2800 Mechelen",Antwerpen,Mechelen,2800,"Stationsstraat 102, 2800 Mechelen",Antwerpen,Mechelen,2800,"Stationsstraat 102, 2800 Mechelen",Antwerpen,,Relaties / Netwerk,,0,0,Consumentenartikelen (handel en reparatie),Groothandel,,,,,,,,
Hot Prospect,Elsvandenwyngaert,Stroom Recruitment,Carerix,Antwerpen,2018,"Mechelsesteenweg 271, 2018 Antwerpen",Antwerpen,Antwerpen,2018,"Mechelsesteenweg 271, 2018 Antwerpen",Antwerpen,Antwerpen,2018,"Mechelsesteenweg 271, 2018 Antwerpen",Antwerpen,,Campagne,Mailing kandidaten,0,0,Zakelijke dienstverlening,"Arbeidsbemiddeling, uitzendbureaus e.d.",,,,,,,,
Hot Prospect,Elsvandenwyngaert,iBanFirst,Carerix,,,,,,,,,,,,,,,,0,0,Financiële instellingen,Overig,"[T 19-03-2024 16:23] JM Dag Florian, Hoe gaat het met jullie en met jou ? Ik begreep uit het contact van een paar jaar geleden dat jullie al eerder gebruik hebben gemaakt van de diensten van First Floor. Mijn naam is Judith Muijen- Sengul en ik werk voor First Floor. Ik vroeg mij af of wij jullie misschien opnieuw kunnen ondersteunen ? Bij First Floor hebben we de afgelopen jaren niet stilgezeten en focussen we ons steeds meer op de versnelde groei van jong personeel, die we mede door het sterke persoonlijk leiderschapstraject, de trainingen, coaching en intervisies weten te bewerkstelligen. Er zijn momenteel een aantal consultants beschikbaar die, op korte termijn, met veel plezier aan de slag zouden willen gaan ! Een kleine voorstelronde: Maak kennis met Lisa! Lisa Recruiter. Doet, met oog voor efficiëntie en resultaat. Kenmerkend voor Lisa? Haar betrokkenheid, initiatiefname en gezonde portie assertiviteit. Ze staat open voor feedback, is een goede communicator, durft en doet. Ze toont maturiteit en verantwoordelijkheidszin. Naast recruitment, draagt ze graag haar steentje bij aan je Employer Branding. Achtergrond & Ervaring Bachelor HR for Business en Bachelor KMO Management. Tijdens haar eerste project bij Gudrun Group was ze verantwoordelijk voor het A-Z beheren van het sollicitatieproces. Van actieve search tot en met loonvoorstel. Momenteel op project bij Tabaknatie, waar ze ook instaat voor recruitment (instroom tem 2e gesprek) van bediende profielen. Wat kan Lisa? • Recruitment A-Z: van jobintake, uitschrijven van vacatures, screening van kandidaten, interviews,… tot en met loonvoorstel. • Ondersteunen in de onboarding van nieuwe collega’s. • Mee nadenken over en naar buiten brengen van Employer Brand. • (HR) Project Management. Ze volgde al onderstaande trainingen in onze Academy: • Jobintake • Searchen • Telefonische screening • Het selectie interview • Vacature opmaken & verspreiden • Basis sociale wetgeving • Insights • Feedback geven & ontvangen Maak kennis met Caroline! Caroline Soft HR – Communicatie – HR Admin Wat Caroline typeert? Rust en structuur bewaren in combinatie met hard werken. Ze is intelligent, analytisch en slaagt erin de kern te doorgronden. Wil je Caroline aan het werk zien als co-host van onze Podcast FF Rustig? Dat kan via deze link. Caroline is voltijds beschikbaar vanaf 20 maart. Wil je meer weten? Bekijk haar online CV! Achtergrond & Ervaring Master Bedrijfscommunicatie: HR- Sales (2022). 1,5 jaar op project als HR & Employer Branding Consultant bij Tabaknatie, waar ze verantwoordelijk was voor Recruitment, Employer Branding en de implementatie van een nieuw ATS systeem. Intussen op project bij Conway, waar ze in staat voor zowel Recruitment & HR Admin. Wat kan Caroline? • Recruitment A-Z • HR administratie • Onboarding • Interne & externe communicatie • Employer Branding • HR Projecten mee vormgeven en tot een goed einde brengen Trainingen die Caroline al volgde uit onze Academy: • Jobintake, Searchen, Telefonische Screening, Interview • Basis sociale wetgeving • Candidate Persona & Journey • Canva • Copywriting, Vacature opmaken & verspreiden • Employer Branding • Feedback geven & ontvangen • Insights • Klantgerichtheid • Google Analytics for HR • Inbound & Content Plan • Loonbrief: van theorie naar praktijk • Project Management Skills Maak kennis met Emmelien! Emmelien HR - Employer Branding - Communicatie Met haar goedlachs karakter, haar gedrevenheid en creativiteit, wil Emmelien écht het verschil maken in organisaties. Ze heeft een groot verantwoordelijkheidsgevoel en levert graag resultaat. Haar passie voor HR, communicatie en marketing vormen de ideale voedingsbodem voor haar start als HR & Employer Branding Consultant. Beschikbaarheid: 2 dagen per week vanaf 16 maart. Tarief: 495 EUR dagtarief (excl. BTW) Achtergrond & Ervaring Master Communicatie-wetenschappen en Bachelor Psychologie. 1,5 jaar gewerkt bij Solix, voor zowel HR (telefonische screenings en fysieke selectiegesprekken) als communicatie door het up-to-date houden van de website en socials. Recent 3 maanden fulltime (juli – sept) bij Gumption Group op hun HQ als marketeer: copywriting, externe communicatie, digitale marketing (o.a. social media), projectmanagement. Tijdens studies ook ervaring opgedaan op de dienst interne communicatie bij Elia Group. Wat kan Emmelien? • Recruitment: opvolgen instroom - CV screening & Telefonische screening • Recruitment: sourcen via LinkedIN Recruiter Seat • Recruitment: eerst selectiegesprekken • Up to date houden (job)website • Copywriting ifv social media, nieuwsbrieven, blogs en/of mailcampagnes • Opmaak visuals, flyers, presentaties • Interne/externe communicatie • Algemeen projectmanagement: organisatie events, ondersteuning podcast, coördinatie campus recruitment Ze volgde al onderstaande trainingen in onze Academy: • Copywriting • Canva • Telefonische screening • Insights • Feedback geven & ontvangen • Selectie interview • Vacature opmaken en verspreiden • Jobintake Expertise à volonté! Onze talenten staan er nooit alleen voor. Ze worden stevig ondersteund door onze First Floor Community. Een persoonlijk leiderschapstraject, coaching op maat én onze Academy met meer dan 40 trainingen per jaar – waar jij ook integraal toegang tot hebt. Zo creëren jullie samen die broodnodige boost in jouw bedrijf. Let´s FLY #FunkyLeadingYoungsters Binnenkort op de agenda: • Linkedin Recruitment Marketing ism Jesse Geul – 15/3/2024 • Feedback geven & ontvangen – 8/5/2024 • SEO for HR – 17/5/2024 • Copywriting – 23/5/2024 Op onze Academy vind je een overzicht van alle trainingen met praktische info. Onze Academy is steeds kosteloos en onbeperkt toegankelijk voor onze klanten. Dus, word je momenteel ontzorgd door een van onze talenten? Dan heb je eigenlijk geen reden meer om je niet in te schrijven . Tot binnenkort? Mocht er interesse zijn, dan zou het fijn zijn van je te horen.",,,,,,,
Hot Prospect,20,Smulders,Carerix,,,,,Hoboken,2660,Leo Bosschartlaan 20,Antwerpen,,,,,,Relaties / Netwerk,,0,0,Industrie,(Half)fabrikaten,,,,,,,,
Hot Prospect,Elsvandenwyngaert,Azelis,Carerix,Berchem,2600,"Posthofbrug 12, 2600 Berchem",Antwerpen,Berchem,2600,"Posthofbrug 12, 2600 Berchem",Antwerpen,Berchem,2600,"Posthofbrug 12, 2600 Berchem",Antwerpen,,,,0,0,Industrie,Chemie/petrochemie,,,,,,,,
Hot Prospect,20,Unit-T,Carerix,Mechelen,,,,,,,,,,,,,,,0,0,Consumentenartikelen (handel en reparatie),Detailhandel,[RI 11-05-2022 08:27],,,,,,,
Hot Prospect,20,AZ Herentals,Carerix,,,,,,,,,,,,,,,,0,0,Gezondheids- en welzijnszorg,Intramurale gezondheidszorg,,,,,,,,
Hot Prospect,20,Vanlanschot,Carerix,,,,,,,,,,,,,,,,0,0,Financiële instellingen,Banken en geldscheppende instellingen,,,,,,,,
Hot Prospect,20,Manuchar,Carerix,Merksem,,,,,,,,,,,,,,,0,0,Transport en logistiek,Vervoer over water,[RI 05-09-2022 15:37] Geconatacterd via een oproep die ze op Linkedin zette waarin ze aangeeft op zoek te zijn naar een,,,,,,,
Hot Prospect,20,Digipolitans,Carerix,,,,,,,,,,,,,,,,0,0,Zakelijke dienstverlening,Overig,,,,,,,,
Hot Prospect,Elsvandenwyngaert,Advipro,Carerix,Lille,2275,Wechelsebaan 143 unit 13 2275 Lille,,Lille,2275,Wechelsebaan 143 unit 13 2275 Lille,,Lille,2275,Wechelsebaan 143 unit 13 2275 Lille,,,Relaties / Netwerk,,0,0,Gezondheids- en welzijnszorg,Gezondheidszorg/algemeen,"Dienstverlener in de farmaceutische industrie en lifesciences (ziekenhuizen ed). Hebben team van consultants dat geoutsourced wordt. Projecten altijd in kader van kwaliteitscontrole en efficiëntie in processen. Bv rondom opslag grondstoffen - hoe doen, wat nodig om kwaliteit te garanderen,..., of bv advies in productieproces van geneesmiddelen. Ook controles na aanpassing van procedures: voldoet alles nog aan de kwaliteitsnormen? Nu team van 150 consultants, sterk gegroeid agelopen jaren en ook komende jaren nog sterke groeiambities. Consultants hebben verschillende profielen: engineering, technisch, admin, bio ingenieurs, biomedische wetenschappen, farmaceutische wetenschappen, biologen,...",,,,,,,
Hot Prospect,20,Recruitment Architects,Carerix,kontich,,veldkant,,,,,,,,,,,,,0,0,Zakelijke dienstverlening,"Arbeidsbemiddeling, uitzendbureaus e.d.",,,,,,,,
Hot Prospect,karenvanderaa,Aertssen,Carerix,Stabroek,2940,Laageind 91,Antwerpen,Stabroek,2940,Laageind 91,Antwerpen,Stabroek,2940,Laageind 91,Antwerpen,,Relaties / Netwerk,Karen,0,0,Bouwnijverheid,Bouw/algemeen,"Contact Steff Peeters (via LinkedIn) Hebben ook nog een 2e grote site met hoofdkantoor waar directie zit: Steentijdstraat, Verrebroek",,,,,,,
Hot Prospect,karenvanderaa,Option Media,Carerix,Mechelen,2800,Zandvoortstraat C8,Antwerpen,Mechelen,2800,Zandvoortstraat C8,Antwerpen,,,,,,Relaties / Netwerk,Karen (LinkedIn),0,0,Post en telecommunicatie,Radio- en televisiebedrijven,"Option Media bestaat 30 jaar, en telt 30 medewerkers. Is een facilitair dienstverlenend bedrijf in de audiovisuele sector met 3 grote pijlers: 1/ post-productie (montage) 2/ ondertiteling & vertaling 3/ dubbing, inspreken Hun klanten zijn: zowel productiehuizen, marketing agencies, bedrijven als filmstudio's zoals Warner etc... ook streamingplatforms zoals Netflix etc.. (zij voorzien bijv. de nederlandse inspreking van Disney films etc...) Zaakvoerders: Sabine (oprichtster) en mede-vennoot Frank Accountmanager/Sales: Antoine (zoon van Sabine) Zij vormen samen het managementteam",,,,,,,
Hot Prospect,karenvanderaa,HH Global,Carerix,Diegem,1831,"Park Lane C, Culliganlaan 2C",Vlaams-Brabant,,,,,,,,,,Relaties / Netwerk,Karen via Myrna,0,0,Zakelijke dienstverlening,Advies- en pr bureaus,,,,,,,,
Hot Prospect,20,Xylos,Carerix,,,,,,,,,,,,,,,,0,0,Computerservice- en ict-bedrijven,"Systeemontwikkelings-, systeemanalyse- en programmeerdiensten",,,,,,,,
Hot Prospect,20,Antenno,Carerix,Berchem,2600,Cogels Osylei 19,,,,,,,,,,,,,0,0,Zakelijke dienstverlening,Overig,[RI 10-07-2023 09:54] Antenno Cogels Osylei 19 B-2600 Berchem antenno.com,,,,,,,
Hot Prospect,karenvanderaa,Hansea,Carerix,Antwerpen,2030,Groenendaallaan 387,Antwerpen,Antwerpen,2030,Groenendaallaan 387,Antwerpen,,,,,,Relaties / Netwerk,Karen,0,0,Transport en logistiek,Vervoer over land,"Transportbedrijf, gespecialiseerd in personenvervoer. Bussen voor o.a TEC, De Lijn, ... 3000 medewerkers 50 vestigingen Holding waaronder Cars De Polder, Heidebloem...",,,,,,,
Hot Prospect,karenvanderaa,Whitewood,Carerix,,,,Antwerpen,,,,,,,,,,,,0,0,Zakelijke dienstverlening,Overig,,,,,,,,
Hot Prospect,Elsvandenwyngaert,Multi Engineering,Carerix,Temse,9140,"Orlaylaan 10, 9140 Temse",Oost-Vlaanderen,Temse,9140,"Orlaylaan 10, 9140 Temse",Oost-Vlaanderen,Temse,9140,"Orlaylaan 10, 9140 Temse",Oost-Vlaanderen,,Anders,Via podcast,0,0,Zakelijke dienstverlening,Architecten- en ingenieursbureaus,Engineering - zowel bureau als consultancy op 3 vlakken: bouw/industrie/maritiem,,,,,,,
Hot Prospect,Elsvandenwyngaert,iCredit bv,Carerix,Antwerpen,2000,Noorderplaats 5/5 2000 Antwerpen,Antwerpen,Antwerpen,2000,Noorderplaats 5/5 2000 Antwerpen,Antwerpen,Antwerpen,2000,Noorderplaats 5/5 2000 Antwerpen,Antwerpen,,Eigen database,Sales,0,0,Zakelijke dienstverlening,Overig,"Finance - actief in debiteurenbeheer, leveranciersadmin en beheer werkkapitaal. Hebben verschillende soorten dienstverlening: - W&S - Projectsourcing - Interim management - Outsourcing (Credire) - Salesdrivers (nieuwe tak, ook outsourcing)",,,,,,,
Hot Prospect,Elsvandenwyngaert,Wunderman Thompson / VML,Carerix,Antwerpen,2018,Generaal Lemanstraat 47 2018 Antwerpen,Antwerpen,Antwerpen,2018,Generaal Lemanstraat 47 2018 Antwerpen,Antwerpen,Antwerpen,2018,Generaal Lemanstraat 47 2018 Antwerpen,Antwerpen,,Relaties / Netwerk,Via Sophie Steyaert (connectie Karen),0,0,Zakelijke dienstverlening,Reclamebureaus e.d.,,,,,,,,
Hot Prospect,talentsourcer,Cargill NV,Carerix,Mechelen,2800,"Bedrijvenlaan 7, 2800 Mechelen",Antwerpen,Mechelen,2800,"Bedrijvenlaan 7, 2800 Mechelen",Antwerpen,Mechelen,2800,"Bedrijvenlaan 7, 2800 Mechelen",Antwerpen,,,,0,0,Industrie,Voedingsmiddelen en dranken,,NV,,,,,BE0405.546.706,
Hot Prospect,talentsourcer,What's Cooking Group NV,Carerix,Lievegem,9950,"Beke 1, 9950 Lievegem",Oost-Vlaanderen,Lievegem,9950,"Beke 1, 9950 Lievegem",Oost-Vlaanderen,Lievegem,9950,"Beke 1, 9950 Lievegem",Oost-Vlaanderen,,,,0,0,Industrie,Voedingsmiddelen en dranken,,NV,,,,,BE0421.364.139,
Hot Prospect,talentsourcer,Digi / Citymesh,Carerix,,,,,,,,,,,,,,,,0,0,Computerservice- en ict-bedrijven,"Systeemontwikkelings-, systeemanalyse- en programmeerdiensten",,,,,,,,
Hot Prospect,talentsourcer,Unmute-you,Carerix,,,,,,,,,,,,,,,,0,0,Zakelijke dienstverlening,Reclamebureaus e.d.,,,,,,,,
Hot Prospect,Elsvandenwyngaert,Van Laere,Carerix,Burcht,2070,Baarbeek 14 2070 Burcht,Antwerpen,Burcht,2070,Baarbeek 14 2070 Burcht,Antwerpen,Burcht,2070,Baarbeek 14 2070 Burcht,Antwerpen,,Anders,Sales ACS,0,0,Bouwnijverheid,Bouw/algemeen,,NV,,,,,BE 0405.073.285,
Hot Prospect,talentsourcer,I.C.T.S Europe,Carerix,,,,,,,,,,,,,,,,0,0,Computerservice- en ict-bedrijven,"Systeemontwikkelings-, systeemanalyse- en programmeerdiensten",,,,,,,,
Hot Prospect,Elsvandenwyngaert,Plainsight,Carerix,Destelbergen,9070,Dendermondesteenweg 617 9070 Destelbergen,Oost-Vlaanderen,Destelbergen,9070,Dendermondesteenweg 617 9070 Destelbergen,Oost-Vlaanderen,Destelbergen,9070,Dendermondesteenweg 617 9070 Destelbergen,Oost-Vlaanderen,,Relaties / Netwerk,Pitchevent via Karen,0,0,Computerservice- en ict-bedrijven,Overig,,BV,,,,,BE 0803.444.961,
Hot Prospect,talentsourcer,CESI-Preventie & Bescherming,Carerix,,,,,,,,,,,,,,,,0,0,Gezondheids- en welzijnszorg,Welzijnszorg,Is een externe dienst voor bescherming en preventie op het werk.,,,,,,,
Hot Prospect,karenvanderaa,Companions,Carerix,Kontich,2550,Groeningenlei 16,Antwerpen,Kontich,2550,Groeningenlei 16,Antwerpen,,,,,,Relaties / Netwerk,eigenaar Clubhouse/kantoor,0,0,Zakelijke dienstverlening,Overig,[KVDA 18-06-2024 16:27] Companions is een overkoepelende holding/investeringsbedrijf. Koopt KMO's in diverse sectoren om die verder te doen groeien. Eigenaar vennoot Jeremy Schuermans is onze contactpersoon van Clubhouse van wie First Floor kantoor huurt.,,105000000,,,,,
Hot Prospect,judithmuijen,Optimile,Carerix,,,,Oost-Vlaanderen,,,,,,,,,,,,0,0,Computerservice- en ict-bedrijven,"Systeemontwikkelings-, systeemanalyse- en programmeerdiensten",,,,,,,,
Hot Prospect,karenvanderaa,AG Solution,Carerix,,,,,,,,,,,,,,Relaties / Netwerk,via Wim Demeestere (Karen),0,0,Computerservice- en ict-bedrijven,Adviesbureaus op gebied van automatisering en systeemhuizen,"ACTIVITEIT At AG Solution we offer our experience in Automation Systems, Process Control, Data Management, as well as in MES/MOM production all within specific sectors of the industry. We are an important player in Europe in different industries such as Pharma, Food & Beverage, Green Energy, Bulk Storage, Water Treatment and Waste Treatment. AANTAL MDW: 50tal in BE OMZET: EV is goed, brutomarge ook maar wel verlieslatend onderaan",NV,,,,,,
Hot Prospect,Elsvandenwyngaert,Proximus,Carerix,Sint-Joost-ten-Node,1210,"Rue du Progrès 55, 1210 Saint-Josse-ten-Noode",Brussel,Sint-Joost-ten-Node,1210,"Rue du Progrès 55, 1210 Saint-Josse-ten-Noode",Brussel,Sint-Joost-ten-Node,1210,"Rue du Progrès 55, 1210 Saint-Josse-ten-Noode",Brussel,,Relaties / Netwerk,,0,0,Post en telecommunicatie,Telecommunicatie en -diensten,,,,,,,,
Hot Prospect,karenvanderaa,Pàu,Carerix,Antwerpen,2000,Frankrijklei 115,Antwerpen,Antwerpen,2000,Frankrijklei 115,Antwerpen,Antwerpen,2000,Frankrijklei 115,Antwerpen,,Relaties / Netwerk,Karen,0,0,Computerservice- en ict-bedrijven,"Systeemontwikkelings-, systeemanalyse- en programmeerdiensten",https://www.pau.be/ IT product & service design,,,,,,,
Hot Prospect,Elsvandenwyngaert,AT Recruitment,Carerix,Antwerpen,2000,Verbindingsdok-Oostkaai 23,Antwerpen,Antwerpen,2000,Verbindingsdok-Oostkaai 23,Antwerpen,Antwerpen,2000,Verbindingsdok-Oostkaai 23,Antwerpen,,Anders,Zelf contact genomen,0,0,Zakelijke dienstverlening,"Arbeidsbemiddeling, uitzendbureaus e.d.",,,,,,,,
Klant,karenvanderaa,First Floor,Carerix,Schoten,2900,Vic Meesstraat 20,Antwerpen,Schoten,2900,Vic Meesstraat 20,Antwerpen,Schoten,2900,Vic Meesstraat 20,Antwerpen,,,,0,0,Zakelijke dienstverlening,"Arbeidsbemiddeling, uitzendbureaus e.d.",,BV,,10,,,BE0767687395,
Klant,karenvanderaa,Headcount Gent NV,Carerix,Zwijnaarde,9052,"Rijvisschestraat 124, 9052 Zwijnaarde",Oost-Vlaanderen,Zwijnaarde,9052,"Rijvisschestraat 124, 9052 Zwijnaarde",Oost-Vlaanderen,Zwijnaarde,9052,"Rijvisschestraat 124, 9052 Zwijnaarde",Oost-Vlaanderen,,Anders,Cronos,0,0,Zakelijke dienstverlening,"Arbeidsbemiddeling, uitzendbureaus e.d.","Doen werving en selectie, vnl van sales en finance profielen, ook marketing en recruitment. Divisie recruiment: team van 10 collega's met Dounia als verantwoordelijke. Werving en selectie enkel voor vaste contracten. Daarnaast ook divisie talent attraction. Advertenties, employer branding, campagnes voor klanten. Werken innoverend, voortdurend op zoek naar new ways of recruitment. Hoofdkantoor Edegem.",NV,,,,,BE0761.798.903,
Klant,karenvanderaa,Ufinity,Carerix,Kontich,2550,Veldkant 13,Antwerpen,Kontich,2550,Veldkant 13,Antwerpen,Kontich,2550,Veldkant 13,Antwerpen,,,,0,0,Zakelijke dienstverlening,"Arbeidsbemiddeling, uitzendbureaus e.d.",,NV,,20,,,BE0822 881 187,
Klant,20,Colruyt Group,Carerix,Halle,1500,Edingensesteenweg 196,Vlaams-Brabant,Halle,1500,Edingensesteenweg 196,Vlaams-Brabant,Halle,1500,Edingensesteenweg 196,Vlaams-Brabant,,,,0,0,Consumentenartikelen (handel en reparatie),Detailhandel,,NV,,,,,BE 0400.378.485,
Klant,20,Tabaknatie,Carerix,Antwerpen,2060,Van de Wervestraat 66,Antwerpen,Antwerpen,2060,Van de Wervestraat 66,Antwerpen,Antwerpen,2060,Van de Wervestraat 66,Antwerpen,,,,0,0,Transport en logistiek,Logistieke instellingen,"[EVDW 11-10-2021 16:15] Tinne: HR Manager - heel erg rood, moet je tegen kunnen Valerie, Valerie en Charlotte: HR Officers Recruitment team: Jan als verantwoordelijke (hogere profielen en rapportage), Tim als recruiter (bediende profielen), 3e collega recruiter (arbeiders)",NV,,,,,BE0445.944.632,
Klant,20,Classo Technology Group,Carerix,Antwerpen,2060,Bredastraat 121,Antwerpen,Antwerpen,2060,Bredastraat 121,Antwerpen,Antwerpen,2060,Bredastraat 121,Antwerpen,,,,0,0,Computerservice- en ict-bedrijven,Onderhoud en reparatie van computers en kantoormachines,,BV,,,,,0684879980,
Klant,20,Mediahuis NV,Carerix,Antwerpen,2050,Katwilgweg 2,Antwerpen,Antwerpen,2050,Katwilgweg 2,Antwerpen,Antwerpen,2050,Katwilgweg 2,Antwerpen,,,,0,0,Zakelijke dienstverlening,Advies- en pr bureaus,"[RI 16-02-2022 10:09] Facturen voortaan naar Finance afdeling met Wietse in CC niet meer eckel, rechtstreeks naar haar",NV,,,,,BE0439.849.666,
Klant,20,Febelco CV,Carerix,Sint Niklaas,9100,Eigenlostraat 1,Oost-Vlaanderen,Sint Niklaas,9100,Eigenlostraat 1,Oost-Vlaanderen,Sint Niklaas,9100,Eigenlostraat 1,Oost-Vlaanderen,,Relaties / Netwerk,,0,0,Consumentenartikelen (handel en reparatie),Groothandel,"Het gamma bestaat uit geneesmiddelen (humaan en veterinair), voedingssupplementen, verzorgingsproducten, medische hulpmiddelen, thuiszorgmateriaal en grondstoffen. Let op: Betalingstermijn is 30 dagen EINDE MAAND",CV,,,,,0458 780 306,
Klant,20,Gudrun Commercial NV,Carerix,Lier,2500,Industriestraat 18,Antwerpen,Lier,2500,Industriestraat 18,Antwerpen,Lier,2500,Industriestraat 18,Antwerpen,,Relaties / Netwerk,via Tabaknatie,0,0,Industrie,Voedingsmiddelen en dranken,Chocolade-fabrikant FACTUUR STUREN NAAR : - invoices@chocolates.be EN - joren.daenen@chocolates.be,NV,,,,,BE0476.530.118,
Klant,20,Vanbreda Risk & Benefits,Carerix,Antwerpen,2140,Plantin en Moretuslei 297-299,Antwerpen,Antwerpen,2140,Plantin en Moretuslei 297-299,Antwerpen,Antwerpen,2140,Plantin en Moretuslei 297-299,Antwerpen,,,,0,0,Zakelijke dienstverlening,Overig,FACTUUR STUREN NAAR: accountspayable@vanbreda.be GRAAG VERMELDEN OP FACTUUR/ - naam betreffende consultant - aantal dagen gewerkt TS toevoegen is NIET nodig,NV,,,,,BE0404.055.676,
Klant,20,Xtra Works,Carerix,Antwerpen,2000,Rijnkaai 27,Antwerpen,Antwerpen,2000,Rijnkaai 27,Antwerpen,Antwerpen,2000,Rijnkaai 27,Antwerpen,,,,0,0,Zakelijke dienstverlening,"Arbeidsbemiddeling, uitzendbureaus e.d.",[RI 25-05-2021 18:01] Factuur mag naar: Dries.Dierckx@xtra.works,BV,,,,,BE0560.894.481,
Klant,karenvanderaa,Be Bold,Carerix,Antwerpen,2060,House of Innovation Duboisstraat 50,Antwerpen,Antwerpen,2060,House of Innovation Duboisstraat 50,Antwerpen,Kontich,2550,Veldkant 35C,Antwerpen,,Relaties / Netwerk,Cronos,0,0,Zakelijke dienstverlening,Reclamebureaus e.d.,,NV,,10,,,BE 0762.846.206,
Klant,20,Stadim,Carerix,Antwerpen,2018,"Mechelsesteenweg 180, 8st verdieping",Antwerpen,Antwerpen,2018,"Mechelsesteenweg 180, 8st verdieping",Antwerpen,,,,,,,,0,0,Zakelijke dienstverlening,Overig,,,,,,,BE 0458 797 033,
Klant,karenvanderaa,Umami Catering,Carerix,Genk,3600,Slingerweg 4,Antwerpen,Genk,3600,Slingerweg 4,Antwerpen,Genk,3600,Slingerweg 4,Limburg,,Relaties / Netwerk,Karen,0,0,Industrie,Voedingsmiddelen en dranken,Umami Catering is actief in B2B catering naar bedrijven toe (type Sodexho). Grootste klant (90% van hun omzet) = Fedasil,NV,,150,,,BE 0464.302.376,
Klant,karenvanderaa,Amista,Carerix,Aartselaar,2630,Antwerpsesteenweg 124/58,Antwerpen,Aartselaar,2630,Antwerpsesteenweg 124/58,Antwerpen,Aartselaar,2630,Antwerpsesteenweg 124/58,Antwerpen,,Relaties / Netwerk,via Nancy Taets,0,0,Computerservice- en ict-bedrijven,Adviesbureaus op gebied van automatisering en systeemhuizen,"Amista is een IT consultancy bedrijf, gespecialiseerd in alles wat te maken heeft met SAP zowel op het vlak van: - implementatie - technical consulting - online learning. Zitten in dezelfde groep met Boomers (integratiesoftware). In totaal werken er ongeveer 100 medewerkers, meeste consultants, ook enkele staff medewerkers en developers in India. Wat typeert hen? - Open cultuur, geen roddelcultuur - Behulpzaam, er wordt kennis gedeeld - Iedereen heeft individueel groeipad, zonder concurrentiegevoel tussen de consultants onderling. - Positieve sfeer, voldoende ruimte voor fijne groepsactiviteiten.",,,,,,BE 0715.402.912,
Klant,karenvanderaa,Savaco NV,Carerix,Massenhoven,2240,Vaartstraat 9,Antwerpen,Massenhoven,2240,Vaartstraat 9,Antwerpen,Kortrijk,8500,Beneluxpark 19,West-Vlaanderen,,Relaties / Netwerk,ex studiegenoot Karen,0,0,Computerservice- en ict-bedrijven,"Systeemontwikkelings-, systeemanalyse- en programmeerdiensten","[RI 16-01-2023 15:40] TrueGen is per jan 2023 een samenwerking aangegaan met Savaco en werken verder onder hun naam. Hierbij willen we u informeren dat per 1 januari 2023 onze facturatiegegevens zullen wijzigen. Deze wijziging vindt plaats in het kader van ons strategisch partnership met Savaco. Bedankt om vanaf bovenvermelde datum facturen op te maken aan: NAME: SAVACO NV ADRESS: Beneluxpark 19, 8500 Kortrijk, Belgium VAT: BE0442 901 901 MAIL: orderprocessing@savaco.com Network Security",BV,,,,,BE0442 901 901,
Klant,20,Resilient Business BV,Carerix,Antwerpen,2018,"Desguinlei 100, 2018",Vlaams-Brabant,Leuven,3001,Interleuvenlaan 74,Vlaams-Brabant,Leuven,3001,Interleuvenlaan 74,Vlaams-Brabant,,,,0,0,Computerservice- en ict-bedrijven,"Systeemontwikkelings-, systeemanalyse- en programmeerdiensten",,BV,,,,,0753.848.861,
Klant,20,Inchcape,Carerix,Zaventem,,BYD: Leuvensesteenweg 319 Zaventem T Bel: Leuvensesteenweg 369 Zaventem,,Anderlecht,1070,Industrielaan 198,Brussel,Zaventem,1930,Leuvensesteenweg 319,Brussel,,Relaties / Netwerk,,0,0,Consumentenartikelen (handel en reparatie),"Handel in auto's, benzinestations",,NV,,,,,BE 0459.491.374,
Klant,20,PIAGroup Belgium,Carerix,,,,,Roeselare,8800,Armoedestraat 18,,Gent,9000,Foreestelaan 88/301 9000 Gent,,,,,0,0,Financiële instellingen,Overig,"[RI 17-07-2023 15:23] Geachte, Wij willen u graag informeren dat er in het kader van een administratieve vereenvoudiging van onze processen op 1 april 2023 een fusie heeft plaatsgevonden waarbij Partners in Accountancy - BTW nr BE 0675.799.691 werd overgenomen door PIAGroup Belgium – BTW nr BE 0718.884.618. Als gevolg van deze fusie is PIAGroup Belgium sinds 1 april 2023 de afnemer van de diensten geleverd door uw onderneming. In die optiek brengen wij u graag onze nieuwe coördinaten ter kennis die met onmiddellijke ingang van toepassing zijn. • Naam: PIAGroup Belgium • Zetel: Foreestelaan 88 bus 301; 9000 Gent • BTW: BE 0718.884.618 • E-mailadres facturen: invoice.pia@pia.be Wij willen u graag bedanken voor het doorvoeren van de nodige aanpassingen in uw administratie en kijken er naar uit om de samenwerking op dezelfde vertrouwde manier verder te zetten. Indien u vragen of opmerkingen heeft, aarzel dan niet om contact met ons op te nemen. Met vriendelijke groeten, Finance @ Finance@pia.be ⌂ Foreestelaan 88, 9000 Gent ⓦ www.pia.be",NV,,,,,0718884618,
Klant,20,Mediahuis Technology & Product Studio,Carerix,Antwerpen,2050,Katwilgweg 2,Antwerpen,Antwerpen,2050,Katwilgweg 2,Antwerpen,Antwerpen,2050,Katwilgweg 2,Antwerpen,,,,0,0,Zakelijke dienstverlening,Overig,[RI 07-12-2021 13:54] Let op: Nog een Mediahuis in systeem,BV,,,,,0429811651,
Klant,Elsvandenwyngaert,Bluu,Carerix,Mechelen,2800,"Stationsstraat 55, 2800 Mechelen",Antwerpen,Mechelen,2800,"Stationsstraat 55, 2800 Mechelen",Antwerpen,Mechelen,2800,"Stationsstraat 55, 2800 Mechelen",Antwerpen,,,,0,0,Computerservice- en ict-bedrijven,"Systeemontwikkelings-, systeemanalyse- en programmeerdiensten",,NV,,,,,0732928733,
Klant,Elsvandenwyngaert,The Pack Brussels bv,Carerix,Koekelberg,1081,Deschampheleerstraat 26 1081 Koekelberg,Brussel,Koekelberg,1081,Deschampheleerstraat 26 1081 Koekelberg,Brussel,Koekelberg,1081,Deschampheleerstraat 26 1081 Koekelberg,Brussel,,Relaties / Netwerk,,0,0,Zakelijke dienstverlening,Reclamebureaus e.d.,"[EVDW 12-01-2022 10:02] Audiovisuele sector, post productiehuis: monteren films, special effects, VR/AR, 3D film en games. Onderscheiden zich van andere post productiehuizen door focus op special effects - is hun sterkte: alles toevoegen aan film en video wat in realiteit niet mogelijk is. Eerst The Fridge, na enkele overnames rebranding gedaan en The Pack geworden. Behoren tot groep met tiental bedrijven, waaronder ook Potemkino. Kantoor in Brusselse, Koekelberg. Eigenaars: Tom, Jan en Peter. 40-tal medewerkers.",,,,,,BE 0883 233 104,
Klant,20,Remant Transport Architects,Carerix,Antwerpen,2000,Oude Leeuwerui 25 2000 Antwerpen,Antwerpen,Antwerpen,2000,Oude Leeuwerui 25 2000 Antwerpen,Antwerpen,Antwerpen,2000,Oude Leeuwerui 25 2000 Antwerpen,Antwerpen,,,,0,0,Transport en logistiek,Vervoer over water,,NV,,,,,BE 0466.665.317,
Klant,20,Lemon,Carerix,,,,,Kontich,2550,Groeningenlei 16 Kontich,Antwerpen,Kontich,2550,Groeningenlei 16 Kontich,Antwerpen,,,,0,0,Computerservice- en ict-bedrijven,Overig,,BV,,,,,0634604286,
Klant,20,JYSK Belgium,Carerix,Schoten,2900,Bredabaan 1263,,Schoten,2900,Bredabaan 1263,,,,,,,Relaties / Netwerk,,0,0,Consumentenartikelen (handel en reparatie),Detailhandel,,BV,,,,,BE0666889252,
Klant,20,Datashift NV,Carerix,Mechelen,2800,Oude Brusselsestraat 14,Antwerpen,Mechelen,2800,Oude Brusselsestraat 14,Antwerpen,Mechelen,2800,Oude Brusselsestraat 14,Antwerpen,,,,0,0,Zakelijke dienstverlening,Overig,,,,,,,BE 0568.766.131,
Klant,backoffice,Agiliz NV,Carerix,Kontich,2550,Veldkant 33A 2550 Kontich,,Kontich,2550,Veldkant 33A 2550 Kontich,,Kontich,2550,Veldkant 33A 2550 Kontich,,,,,0,0,Zakelijke dienstverlening,Overig,Training Chloë Corten - Marketing Strategie in Actie 11 mei 2022 - 150 euro,,,,,,BE0728.898.481,
Klant,backoffice,Beauty Inn BV,Carerix,,,Drapstraat 111/1 - 9810 Nazareth,,,,Drapstraat 111/1 - 9810 Nazareth,,,,Drapstraat 111/1 - 9810 Nazareth,,,,,0,0,Zakelijke dienstverlening,Overig,,,,,,,BE0738454268,
Klant,Elsvandenwyngaert,Orfit Industries NV,Carerix,Wijnegem,2110,Vosveld 9A,Antwerpen,Wijnegem,2110,Vosveld 9A,Antwerpen,Wijnegem,2110,Vosveld 9A,Antwerpen,,,,0,0,Industrie,Elektrische- en optische apparaten en instrumenten,,,,,,,0423.393.221,
Klant,karenvanderaa,Coca-Cola,Carerix,,,,,,,,,,,,,,Relaties / Netwerk,oud studiegenoot Karen,0,0,Horeca,"Logies-, drank- en maaltijdenverstrekking",,,,,,,0425.071.420,
Klant,Elsvandenwyngaert,BENTON,Carerix,Kontich,2550,Prins Boudewijnlaan 7D 2550 Kontich,Antwerpen,Kontich,2550,Prins Boudewijnlaan 7D 2550 Kontich,Antwerpen,Kontich,2550,Prins Boudewijnlaan 7D 2550 Kontich,Antwerpen,,Anders,website,0,0,Zakelijke dienstverlening,Architecten- en ingenieursbureaus,,,,,,,BE0672566128,
Klant,karenvanderaa,Jobat,Carerix,Zellik,1731,Z1 Researchpark 110,,Antwerpen,2050,Katwilgweg 2,,Antwerpen,2050,Katwilgweg 2,,,Relaties / Netwerk,via Mediahuis,0,0,Zakelijke dienstverlening,Overig,"LET OP: LOGO MAG NIET ZOMAAR GERBRUIKT WORDEN ZIE ROVK/ 5.4. Dienstverlener mag tevens de Klant opnemen in haar klantenlijst, een beknopte beschrijving van het Project publiceren en de naam van de Klant gebruiken voor PR activiteiten. De Dienstverlener dient voorafgaand het uitdrukkelijk schriftelijk akkoord te krijgen van de Klant voor elk gebruik van het logo. Jobat is ontstaan uit een joint-venture van Jobat en het vroegere Vacature en dus een joint-venture van MediaHuis en DPG. Elke Moerenhout = Marketing Manager, 18jr ervaring in Marketing (+/- 40 jaar). Sympathieke, no-nonsense, gedreven, directe dame (ik schat rood-gele energie). Toegankelijk maar verwacht concrete resultaten. Aangenaam gesprek, gecharmeerd door ons verhaal Elke is Marketing Manager van Jobat, verantwoordelijk voor team van 4: 1/ performance marketeer - verantwoordelijk voor conversies B2C (inschrijvingen beurzen) 2/ performance marketeer - verantwoordelijk voor B2B (bedrijven) 3/ graphic designer 4/ event marketeer: organiseert alle beurzen + communicatie & pr ervan Facturatie loopt via een aparte entiteit House of Recruitment Solutions House Of Recruitment Solutions BV (afgekort HORS), een besloten vennootschap naar Belgisch recht, met maatschappelijke zetel gelegen te Katwilgweg 2, 2050 Antwerpen ingeschreven in het rechtspersonenregister onder het nummer (BTW BE) BE 0728.656.674;",BV,,,,,BE0728.656.674,
Klant,Elsvandenwyngaert,On IT BV,Carerix,Antwerpen,2000,"Jan van Gentstraat 7, 402 2000 Antwerpen",Antwerpen,Antwerpen,2000,"Jan van Gentstraat 7, 402 2000 Antwerpen",Antwerpen,Antwerpen,2000,"Jan van Gentstraat 7, 402 2000 Antwerpen",Antwerpen,,,,0,0,Computerservice- en ict-bedrijven,Overig,,,,,,,BE 0776.511.229,
Klant,backoffice,Mylan EPD BV,Carerix,,,"Terhulpsesteenweg 6a, 1560 Hoeilaart",,,,"Terhulpsesteenweg 6a, 1560 Hoeilaart",,,,"Terhulpsesteenweg 6a, 1560 Hoeilaart",,,,,0,0,Gezondheids- en welzijnszorg,Gezondheidszorg/algemeen,,,,,,,BE0564907115,
Klant,karenvanderaa,Trifinance,Carerix,Berchem,2600,Uitbreidingstraat 80,Antwerpen,Berchem,2600,Uitbreidingstraat 80,Antwerpen,Zaventem,1930,"Excelsiorlaan 4B, 1930 Zaventem",Vlaams-Brabant,,Relaties / Netwerk,netwerk Karen,0,0,Zakelijke dienstverlening,"Arbeidsbemiddeling, uitzendbureaus e.d.",Contactpersoon Hanne Hellemans = oud studiegenoot van Karen + goede vriendin van Tom Hameeuw. Hanne heeft ook nog voor Ufinity gewerkt. Sinds 2018 bij Trifinance en ondertussen zowat de verantwoordelijke voor België.,,,,,,0882.734.939,
Klant,Elsvandenwyngaert,Kubip VOF,Carerix,Sint-Gillis-Waas,9170,"Molenhoekstraat 63, 9170 Sint-Gillis-Waas",Oost-Vlaanderen,Sint-Gillis-Waas,9170,"Molenhoekstraat 63, 9170 Sint-Gillis-Waas",Oost-Vlaanderen,Sint-Gillis-Waas,9170,"Molenhoekstraat 63, 9170 Sint-Gillis-Waas",Oost-Vlaanderen,,,,0,0,Industrie,Overig,[EVDW 06-02-2023 14:55] Is een VOF onder TBN. Facturatie W&S TBN via deze weg.,,,,,,BE0466.592.962,
Klant,20,KMO Dynamoo,Carerix,Lier,2500,Lintsesteenweg 69,Antwerpen,Lier,2500,Lintsesteenweg 69,Antwerpen,Lier,2500,Lintsesteenweg 69,Antwerpen,,Anders,linkedin via Amber,1,0,Zakelijke dienstverlening,Reclamebureaus e.d.,,BV,,,,,0477561088,
Klant,Elsvandenwyngaert,Baltimore Aircoil International,Carerix,Heist-op-den-Berg,2220,"Industriepark Zone A, 2220 Heist-op-den-Berg",Antwerpen,Heist-op-den-Berg,2220,"Industriepark Zone A, 2220 Heist-op-den-Berg",Antwerpen,Heist-op-den-Berg,2220,"Industriepark Zone A, 2220 Heist-op-den-Berg",Antwerpen,,Relaties / Netwerk,,0,0,Industrie,Overig,,,,,,,BE 0434.839.320,
Klant,20,DPD,Carerix,Vilvoorde,1800,Tyraslaan,,Vilvoorde,1800,Tyraslaan,Brussel,Vilvoorde,1800,Indringingsweg 2,Vlaams-Brabant,,Relaties / Netwerk,Voormalig HR Manager van Makro/Metro,0,0,Transport en logistiek,Vervoer over land,,NV,,,,,BE0449294102,
Klant,20,B&R,Carerix,Arendonk,2370,Hoge Mauw 1510,Antwerpen,Arendonk,2370,Hoge Mauw 1510,Vlaams-Brabant,Arendonk,2370,Hoge Mauw 1510,Vlaams-Brabant,,Relaties / Netwerk,via Jan In´t Ven,0,0,Bouwnijverheid,Bouw/algemeen,[RI 09-03-2023 13:03] B&R nv | Hoge Mauw 1510 | B-2370 Arendonk | www.benrbouwgroep.be,NV,,,,,BE0461.486.210,
Klant,Elsvandenwyngaert,RSM Belgium,Carerix,Zaventem,1932,Lozenberg 22 b2 1932 Zaventem,Vlaams-Brabant,Zaventem,1932,Lozenberg 22 b2 1932 Zaventem,Vlaams-Brabant,Ukkel,1180,Waterloosesteenweg 1151,Brussel,,Relaties / Netwerk,LinkedIn Karen,0,0,Zakelijke dienstverlening,"Accountants, administratiekantoren en belastingconsulenten",[RI 02-06-2023 08:50] Voor facturatie mag je dit sturen naar Interservices BV Tav Laetitia Sacré Waterloosesteenweg 1151 1180 Ukkel BTW BE0422.005.527 Dit mag via mail naar mij verstuurd worden. Groetjes Laetitia,BV,,,,,BE0422.005.527,
Klant,karenvanderaa,Bank Van Breda,Carerix,Antwerpen,2000,Ledeganckkaai 7 2000 Antwerpen,Antwerpen,Antwerpen,2000,Ledeganckkaai 7 2000 Antwerpen,Antwerpen,Antwerpen,2000,Ledeganckkaai 7 2000 Antwerpen,Antwerpen,,Relaties / Netwerk,Karen,0,0,Zakelijke dienstverlening,"Accountants, administratiekantoren en belastingconsulenten",,NV,,,,,BE 0404.055.577,
Klant,backoffice,Voka,Carerix,Geel,2440,Kleinhoefstraat 9 2440 Geel,,Geel,2440,Kleinhoefstraat 9 2440 Geel,,Geel,2440,Kleinhoefstraat 9 2440 Geel,,,,,0,0,Overheidsinstellingen,Overheidsdiensten,,Overig,,,,,BE 420.868.449,
Klant,backoffice,Vlinvesta NV,Carerix,Hulshout,2235,Corbeillestraat 40 2235 Hulshout,,Hulshout,2235,Corbeillestraat 40 2235 Hulshout,,Hulshout,2235,Corbeillestraat 40 2235 Hulshout,,,,,0,0,Zakelijke dienstverlening,Overig,,,,,,,BE 0888.044.106,
Klant,karenvanderaa,Unilin,Carerix,Oostrozebeke,8780,Ingelmunstersteenweg 229,West-Vlaanderen,Oostrozebeke,8780,Ingelmunstersteenweg 229,West-Vlaanderen,,,,,,,,0,0,Industrie,(Half)fabrikaten,"Activiteit: productie van plaat-materialen, isolatie, vloerbedekking 8000 werknemers 30 vestigingen 2.5 miljard omzet",,,,,,BE 0459.510.180,
Klant,Elsvandenwyngaert,Bus De Polder SCB nv,Carerix,Merksem,2030,Groenendaallaan 387,Antwerpen,Merksem,2030,Groenendaallaan 387,Antwerpen,Merksem,2030,Groenendaallaan 387,Antwerpen,,Relaties / Netwerk,,0,0,Transport en logistiek,Vervoer over land,,NV,,,,,BE0435.646.004,
Klant,Elsvandenwyngaert,Enersee,Carerix,Antwerpen,2000,"Kipdorpbrug 1, 2000 Antwerpen",Antwerpen,Antwerpen,2000,"Kipdorpbrug 1, 2000 Antwerpen",Antwerpen,Brussel,1020,"Pagodenlaan 181/1, 1020 Brussel",Brussel,,Relaties / Netwerk,,0,0,Computerservice- en ict-bedrijven,"Systeemontwikkelings-, systeemanalyse- en programmeerdiensten","[EVDW 14-08-2023 13:25] Ontwikkelen software voor energie optimalisatie obv AI. Start-up, bestaan sinds augustus 2000. Momenteel 5 collega's in het team. Hebben kantoor in Antwerpen en Brussel Werken al samen met Doorstep voor instroom recruitment.",,,,,,BE 0753.461.158,
Klant,20,Conway,Carerix,Temse,9140,"Laagstraat 63, 9140 Temse",Oost-Vlaanderen,Temse,9140,"Laagstraat 63, 9140 Temse",Oost-Vlaanderen,Temse,9140,"Laagstraat 63, 9140 Temse",Oost-Vlaanderen,,Relaties / Netwerk,Ex-collega Karen,0,0,Transport en logistiek,Vervoer over land,GEEN MAILINGS NAAR STUREN!!,NV,,,,,BE 0412.070.549,
Klant,Elsvandenwyngaert,The Harbour,Carerix,Gent,9000,Port Arthurlaan 11A 9000 Gent,Oost-Vlaanderen,Gent,9000,Port Arthurlaan 11A 9000 Gent,Oost-Vlaanderen,Gent,9000,Port Arthurlaan 11A 9000 Gent,Oost-Vlaanderen,,Relaties / Netwerk,,0,0,Financiële instellingen,Overig,"The Harbour is een bedrijf, opgericht door Aelbrecht Van Damme, dat bedrijven & KMO’s bijstaat in de wereld van funding en financiering. Daarnaast is hij ook nog eigenaar van Credion dat zich specifiel richt op KMO’s en van Investee, een investeerders-groep. De eerste twee begeleiden bedrijven in hun zoektocht naar geld, de laatste is een groep investeerders op zoek naar beleggingen. Enkle van The Harbour is Aelrecht momenteel zelf actief CEO Credion werkt vnl met zelfstandige freelance financieel adviseurs. 3 bedrijven allemaal binnen zelfde sector maar met telkens andere doelgroepen. Samen de holding “Serious Funding” olv Aelbrecht",BV,,,,,0669.937.131,
Klant,backoffice,Voka – Kamer van Koophandel Antwerpen-Waasland,Carerix,,,Markgravestraat 12 2000 Antwerpen,,,,Markgravestraat 12 2000 Antwerpen,,,,Markgravestraat 12 2000 Antwerpen,,,,,0,0,Overheidsinstellingen,Overheidsdiensten,,,,,,,BE 0406 696 056,
Klant,karenvanderaa,Carglass NV,Carerix,,,,Limburg,Bilzen,3740,Kruisbosstraat 5 3740 Bilzen,,,,Kruisbosstraat 5 3740 Bilzen,,,Relaties / Netwerk,LinkedIn Karen,0,0,Consumentenartikelen (handel en reparatie),Groothandel,"09/23 KVDA: Via LinkedIn benaderd door Tim Berx, de Supply Chain verantwoordelijke. Vroeg om een keynote rond generaties op de werkvloer. (Bleek overigens de broer te zijn van Tom Berx, een vroegere collega van bij USG).",,,,,,0432 02 38 45,
Klant,backoffice,Provincie Antwerpen,Carerix,,,,,Antwerpen,2018,Koningin Elisabethlei 22 2018 Antwerpen,,Antwerpen,2018,Koningin Elisabethlei 22 2018 Antwerpen,,,,,0,0,Overheidsinstellingen,Provincies,,,,,,,BE0207725597,
Klant,Elsvandenwyngaert,Cordeel Group,Carerix,Temse,9140,"Frank Van Dyckelaan 15 9140 Temse, België",Oost-Vlaanderen,Temse,9140,"Frank Van Dyckelaan 15 9140 Temse, België",Oost-Vlaanderen,Temse,9140,"Frank Van Dyckelaan 15 9140 Temse, België",Oost-Vlaanderen,,Relaties / Netwerk,,0,0,Bouwnijverheid,Bouw/algemeen,,NV,,,,,BE 0744.436.002,
Klant,backoffice,Kamer van Koophandel Oost-Vlaanderen,Carerix,Gent,9000,Lammerstraat 18 9000 Gent,,Gent,9000,Lammerstraat 18 9000 Gent,,Gent,9000,Lammerstraat 18 9000 Gent,,,,,1,0,Overheidsinstellingen,Provincies,,Overig,,,,,BE0407604688,
Klant,backoffice,Mohawk International Services BV,Carerix,Wielsbeke,8710,Ooigemstraat 3 bus 5 - 8710 Wielsbeke,,Wielsbeke,8710,Ooigemstraat 3 bus 5 - 8710 Wielsbeke,,Wielsbeke,8710,Ooigemstraat 3 bus 5 - 8710 Wielsbeke,,,,,0,0,Bouwnijverheid,Bouw/algemeen,,Overig,,,,,BE0459510180,
Klant,Elsvandenwyngaert,CKV Bank,Carerix,Waregem,8790,"Mannebeekstraat 33, B-8790 Waregem",West-Vlaanderen,Waregem,8790,"Mannebeekstraat 33, B-8790 Waregem",West-Vlaanderen,Waregem,8790,"Mannebeekstraat 33, B-8790 Waregem",West-Vlaanderen,,Relaties / Netwerk,,0,0,Financiële instellingen,Banken en geldscheppende instellingen,,,,,,,BE 0400.040.965,
Klant,20,Brainbridge BV,Carerix,Antwerpen,2030,Straatsburgdok-Noordkaai 3,Antwerpen,Antwerpen,2030,Straatsburgdok-Noordkaai 3,Antwerpen,Antwerpen,2030,Straatsburgdok-Noordkaai 3,Antwerpen,,Relaties / Netwerk,,0,0,Zakelijke dienstverlening,"Arbeidsbemiddeling, uitzendbureaus e.d.",Consultancy & recruitment bureau gespecialiseerd in IT,,,,,,BE 0463.026.629,
Klant,talentsourcer,Solix Search,Carerix,Mechelen,2800,"Duivenstraat 46, 2800 Mechelen",Antwerpen,Mechelen,2800,"Duivenstraat 46, 2800 Mechelen",Antwerpen,Mechelen,2800,"Duivenstraat 46, 2800 Mechelen",Antwerpen,,Relaties / Netwerk,,0,0,Zakelijke dienstverlening,Overig,,,,,,,BE 0779.326.803,
Klant,talentsourcer,YAASS!,Carerix,Rumst,2840,Tuinwijk 94,Antwerpen,Rumst,2840,Tuinwijk 94,Antwerpen,Rumst,2840,Tuinwijk 94,Antwerpen,,Relaties / Netwerk,,0,0,Zakelijke dienstverlening,"Arbeidsbemiddeling, uitzendbureaus e.d.",,Overig,,,,,BE0790.436.469,
Klant,Elsvandenwyngaert,Anthony Cranes,Carerix,Berchem,2600,Uitbreidingstraat 584,Antwerpen,Berchem,2600,Uitbreidingstraat 584,Antwerpen,Berchem,2600,Uitbreidingstraat 584,Antwerpen,,Relaties / Netwerk,Netwerk Karen,0,0,Industrie,Overig,Verhuren van mobiele torenkranen of telescoopkranen met machinist,,,,,,BE0897.852.685,
Klant,backoffice,Adman Agency - Divisie van Respectfully Yours NV,Carerix,,,Veldkant 33A 2550 Kontich,,,,Veldkant 33A 2550 Kontich,,,,Veldkant 33A 2550 Kontich,,,,,0,0,Zakelijke dienstverlening,Reclamebureaus e.d.,,NV,,,,,BE0826.338.941,
Klant,karenvanderaa,DC Dredging,Carerix,,,Spuiplein 17a 4511 AN Breskens,Zeeland,,,Spuiplein 17a 4511 AN Breskens,Zeeland,,,Spuiplein 17a 4511 AN Breskens,Zeeland,,Relaties / Netwerk,GM Tim is vriend van karen,0,0,Transport en logistiek,Vervoer over water,"Scheepvaart & baggerwerken (concurrenten van Deme & Jan de Nul) ""Group De Cloedt was started in the year 2000 after the De Cloedt family had retired from Deme, an umbrella holding embracing two Belgian dredging companies: Dredging International and NV Baggerwerken Decloedt en Zoon. After numerous mergers and divisions, the group started developing its own individual personal form by the end of 2004.""",BV,,,,,NL 0026.31.994.B01,
Klant,backoffice,Contec BV,Carerix,Antwerpen,2030,Noorderlaan 125 2030 Antwerpen,,Antwerpen,2030,Noorderlaan 125 2030 Antwerpen,,Antwerpen,2030,Noorderlaan 125 2030 Antwerpen,,,,,0,0,Industrie,Overig,,BV,,,,,BE0428162453,
Klant,backoffice,VBM  NV,Carerix,,,Maatheide 93 3920 Lommel,,,,Maatheide 93 3920 Lommel,,,,Maatheide 93 3920 Lommel,,,,,0,0,Transport en logistiek,Vervoer over land,,NV,,,,,BE0412735493,
Klant,backoffice,Roosendaelhof NV,Carerix,,,Corbeillestraat 40 2235 Hulshout,,,,Corbeillestraat 40 2235 Hulshout,,,,Corbeillestraat 40 2235 Hulshout,,,,,0,0,Horeca,"Logies-, drank- en maaltijdenverstrekking",,,,,,,BE0871491550,
Klant,Elsvandenwyngaert,Banijay Belgium,Carerix,Lint,2547,Fabriekstraat 38 bus 6,Antwerpen,Lint,2547,Fabriekstraat 38 bus 6,Antwerpen,Lint,2547,Fabriekstraat 38 bus 6,Antwerpen,,Anders,HR vaca gespot,0,0,"Milieudienstverlening, cultuur, recreatie en overige dienstverlening",Overige dienstverlening,"[EVDW 16-07-2024 14:53] Televisieproductie, waaronder Familie, Blind gekocht, Special forces,.. 'HQ' bestaat uit 3 finance co's, 1 office mgr, jurist, 1 IT, 1,5 HR en directie. Per productie is er een producer die wordt aangewezen, en die stelt per specifiek programma een eigen team samen. Zijn vaak wel dezelfde mensen, maar vaak ook freelancers of tijdelijke contracten. Enkel voor familie is er een vaste ploeg, bestaande uit 80 co's op de payroll",NV,,,,,BE 0462.185.303,
Klant,backoffice,DuraConstruct Keersmaekers BV,Carerix,,,Corbeillestraat 40 2235 Hulshout,,,,Corbeillestraat 40 2235 Hulshout,,,,Corbeillestraat 40 2235 Hulshout,,,,,0,0,Bouwnijverheid,Bouw/algemeen,,,,,,,BE0892.683.773,
Niet interessant,karenvanderaa,Brand Quadergy,Carerix,Antwerpen,2050,Blancefloerlaan 179A,Antwerpen,Antwerpen,2050,Blancefloerlaan 179A,Antwerpen,Antwerpen,2050,Blancefloerlaan 179A,Antwerpen,,,,0,0,Zakelijke dienstverlening,Reclamebureaus e.d.,[KVDA 05-07-2024 19:44] FAILLIET!,NV,,,,,BE0423174079,
Niet interessant,talentsourcer,Collectief,Carerix,,,,,,,,,Mechelen,2800,Stationsstraat 55,,,,,0,0,Zakelijke dienstverlening,Overig,,,,,,,,
Niet interessant,talentsourcer,Impact Interim,Carerix,Hasselt,3500,Luikersteenweg 167,,,,,,,,,,,,,0,0,Zakelijke dienstverlening,Overig,[RI 28-12-2022 10:10] LET OP: STAAT ER DUBBEL IN,,,,,,,
Niet interessant,Elsvandenwyngaert,Boxs BV,Carerix,,,,,S' Gravenwezel,2970,"Kerkstraat 17, 2970 's Gravenwezel",Antwerpen,S' Gravenwezel,2970,"Kerkstraat 17, 2970 's Gravenwezel",Antwerpen,,,,0,0,"Milieudienstverlening, cultuur, recreatie en overige dienstverlening","Cultuur, sport en recreatie",FAILLIET,,,,,,BE 0880.387.044,Facturatie graag tav Aline Loots - aline@boxs.be Met Erik in cc
Prospect,20,Hyperion,Carerix,,,,,,,,,Kontich,2550,Veldkant 25c,,,,,0,0,Computerservice- en ict-bedrijven,Adviesbureaus op gebied van automatisering en systeemhuizen,,,,,,,,
Prospect,20,Allen & Overy,Carerix,Brussel,1150,Tervurenlaan 268A avenue de Tervueren,,Brussel,1150,Tervurenlaan 268A avenue de Tervueren,,,,,,,Relaties / Netwerk,,0,0,Zakelijke dienstverlening,Rechtskundige dienstverlening,,,,,,,,
Prospect,20,Resengo,Carerix,Berchem,2000,Junostraat 21,,Berchem,2000,Junostraat 21,,Berchem,2000,Junostraat 21,,,Anders,Website,0,0,Horeca,"Logies-, drank- en maaltijdenverstrekking",,,,,,,,
Prospect,20,Bubka,Carerix,,,,,,,,,,,,,,,,0,0,Zakelijke dienstverlening,Reclamebureaus e.d.,[RI 29-07-2021 16:43] Marketing Agency,,,,,,,
Prospect,karenvanderaa,Trixolutions,Carerix,Wijnegem,2110,Krommelei 14,Antwerpen,Wijnegem,2110,Krommelei 14,Antwerpen,Wijnegem,2110,Krommelei 14,Antwerpen,,Relaties / Netwerk,via Wendy Van Nunen,0,0,Onderwijs,Overig onderwijs,[KVDA 29-08-2021 15:36] Opleidingscentrum rond o.a leadership etc... In contact mee gekomen via Wendy Van Nunen (via Sigrid Cuynen) Zoeken een PT L&D Officer/PM mag een jong iemand zijn. Verder nog alles in kaart te brengen en door te praten.,,,,,,,
Prospect,20,Insilencio,Carerix,Mechelen,2800,Hogeblokstraat 1,,Mechelen,2800,Hogeblokstraat 1,,Mechelen,2800,Hogeblokstraat 1,,,Relaties / Netwerk,,0,0,Zakelijke dienstverlening,Overig,,BV,,,,,BE 0864600887,
Prospect,20,AB Inbev,Carerix,,,,,,,,,,,,,,,,0,0,Industrie,Voedingsmiddelen en dranken,[EVDW 20-02-2024 14:46] Nemen deel aan HOT 8 op 28/3/24,,,,,,,
Prospect,karenvanderaa,Cronos Groep,Carerix,Kontich,2550,Veldkant 33A,Antwerpen,Kontich,2550,Veldkant 33A,Antwerpen,,,"Veldkant 33A, 2550 Kontich",Antwerpen,,,,0,0,Computerservice- en ict-bedrijven,Adviesbureaus op gebied van automatisering en systeemhuizen,,,,,,,BE0467.132.994,
Prospect,Elsvandenwyngaert,Landsbond van Liberale Mutualiteiten,Carerix,Brussel,1050,"Livornostraat 25, 1050 Brussel",Brussel,Brussel,1050,"Livornostraat 25, 1050 Brussel",Brussel,Brussel,1050,"Livornostraat 25, 1050 Brussel",Brussel,,,,0,0,Gezondheids- en welzijnszorg,Gezondheidszorg/algemeen,,,,,,,,
Prospect,Elsvandenwyngaert,Investr,Carerix,Deurle,9831,Xavier De Cocklaan 70/1 9831 Deurle,Oost-Vlaanderen,Deurle,9831,Xavier De Cocklaan 70/1 9831 Deurle,Oost-Vlaanderen,Deurle,9831,Xavier De Cocklaan 70/1 9831 Deurle,Oost-Vlaanderen,,,,0,0,Roerende en onroerende goederen (verhuur en handel),Verhuur en bemiddeling in onroerend goed,,,,,,,,
Prospect,Elsvandenwyngaert,Videofactory BV,Carerix,Schoten,2900,"Heikantstraat 160, 2900 Schoten",Antwerpen,Schoten,2900,"Heikantstraat 160, 2900 Schoten",Antwerpen,Schoten,2900,"Heikantstraat 160, 2900 Schoten",Antwerpen,,Relaties / Netwerk,,0,0,Zakelijke dienstverlening,Overig,,,,,,,,
Prospect,20,Upthrust,Carerix,,,,,,,,,,,,,,,,0,0,Zakelijke dienstverlening,Reclamebureaus e.d.,[RI 24-11-2021 10:39] [RI 24-11-2021 10:39] Growth Marketing Agency,,,,,,,
Prospect,20,GIMV,Carerix,Antwerpen,,Karel Oomstraat,,,,,,,,,,,,,0,0,Financiële instellingen,Overig,[RI 14-12-2021 17:51] Investerringsmaatschappij,,,,,,,
Prospect,20,Kunnig,Carerix,,,,,,,,,,,,,,,,0,0,Overheidsinstellingen,Publiekrechtelijke bedrijfsorganen,"[T 25-04-2024 15:59] JM Dag Karin, Mijn excuus voor de latere respons. Jammer dat er nu geen mogelijkheid is tot ondersteuning of een andere vorm van groeiversnelling binnen Kunnig. Met onze nieuwsbrief waar we de laatste HR-weetjes, tips, tricks en informatie delen, blijf je op de hoogte zodat we elkaar makkelijk kunnen bereiken indien er de komende tijd ruimte komt. We kunnen altijd een korte call opzetten om bepaalde processen iets te versnellen. Een fijne werkdag en alvast een prettig weekend gewenst Met vriendelijke groet, Judith Muijen-Sengul Business development -Talent development coaching 0090-5362605080 Groeningenlei 16 2550 Kontich FF inspiratie nodig? Elke 2 weken trakteren we op een stevig shot inzichten: cases uit de praktijk – de beste fragmenten uit de podcast – een bookreview. Schrijf je hier in: https://bit.ly/44sAGH0 From: Karin Cuypers Sent: Friday, April 12, 2024 6:15 PM To: Judith Muijen Subject: RE: First Floor Dag Judith, Dank voor de info. Op dit ogenblik is er geen concrete nood aan ondersteuning. Mocht dit in de toekomst wel het geval zijn, dan weten wij u te vinden. Met vriendelijke groeten Karin Cuypers HR Coördinator T • 03 432 88 80 karin.cuypers@kunnig.be Kunnig • Maatwerkbedrijf Kielsbroek 2 • 2020 Antwerpen www.kunnig.be Maatwerkbedrijven Sense en Kunnig slaan de handen in elkaar en gaan samen verder onder de naam Kunnig. Alle info op www.kunnig.be. Let op: dit mailadres is veranderd van karin.cuypers@kunnig.com naar karin.cuypers@kunnig.be. Van: Judith Muijen Verzonden: vrijdag 12 april 2024 13:35 Aan: Karin Cuypers Onderwerp: First Floor Dag Karin, 2 jaar geleden rond deze periode was mijn collega Rena in contact met u over het idee of een consultant van First Floor wel of dan niet zou kunnen starten bij Kunnig. Nu 2 jaar later heeft First Floor niet stilgestaan en kan ik me voorstellen dat ook Kunnig de nodige stappen heeft ondernomen. Ik vroeg mij of jullie interesse hebben om nog eens samen te kijken of er een vorm van samenwerking mogelijk zou kunnen zijn? Vanuit First Floor ondersteunen we onze partners in HR, communicatie en employer branding. Ik was heel benieuwd om te luisteren of jullie openstaan voor een samenwerking met één van onze consultants, tijdelijk of met optie tot vaste overname. Onze diensten in a nutshell? 1. Boost & Go om je HR, employer branding en/of recruitment marketing tijdelijk inhouse te versterken. Mogelijks met optie tot overname en gratis gebruik van onze academie voor al jullie personeel. 2. Groeitrajecten voor je eigen Young Graduates waaronder persoonlijk leiderschap, coaching, intervisies en trainingen op maat, altijd transparant gemeten via het ‘groeibord’. 3. Employer Branding – ondersteuning, analyse & aanpak op maat We onderscheiden ons door ons eigen, unieke FLY-traject: een intensief groeitraject, waarin we inzetten op de combinatie van persoonlijke ontwikkeling en vakinhoudelijke skills. Het resultaat voor onze partners? Directe ondersteuning, marktconforme tarieven en een scala aan vakinhoudelijke kennis, per direct ter beschikking. Ik geef u met veel plezier meer informatie over onze werking en denk graag mee of, en hoe, wij jullie kunnen ondersteunen.",,,,,,,
Prospect,talentsourcer,Bank Degroof,Carerix,,,,,,,,,Brussel,1040,Nijverheidsstraat 44,,,,,0,0,Financiële instellingen,Banken en geldscheppende instellingen,,,,,,,,
Prospect,20,Pauwels N.V,Carerix,,,,,,,,,,,,,,,,0,0,Industrie,Voedingsmiddelen en dranken,,,,,,,,
Prospect,talentsourcer,Brouwerij Martens,Carerix,Bochelt,3950,Reppelerweg 1,,,,,,,,,,,,,0,0,Horeca,"Logies-, drank- en maaltijdenverstrekking",,,,,,,x,
Prospect,talentsourcer,Sodibe,Carerix,Antwerpen,2060,Lange Lobroekstraat 89,Antwerpen,,,,,,,,,,,,0,0,Zakelijke dienstverlening,Overig,,,,,,,,
Prospect,talentsourcer,Sunweb,Carerix,Rotterdam,3065,Bahialaan 2,,,,,,,,,,,,,0,0,"Milieudienstverlening, cultuur, recreatie en overige dienstverlening",Overige dienstverlening,,,,,,,,
Prospect,talentsourcer,IKEA,Carerix,Zaventem,1930,Weiveldlaan 19,Vlaams-Brabant,,,,,Wilrijk,2610,Boomsesteenweg 755,Antwerpen,,,,0,0,Consumentenartikelen (handel en reparatie),Groothandel,,,,,,,,
Prospect,20,Belgische Federatie Filantropische Stichtingen,Carerix,Brussel,1000,Brederodestraat 21,,,,,,,,,,,Campagne,contact Rena,0,0,Overheidsinstellingen,Publiekrechtelijke bedrijfsorganen,[RI 21-03-2022 13:35] www.stichtingen.be,Overig,,,,,,Een vzw
Prospect,talentsourcer,Agfa Gevaert,Carerix,Mortsel,2640,,Antwerpen,,,,,,,,,,,,0,0,Computerservice- en ict-bedrijven,Overig,,,,,,,,
Prospect,talentsourcer,UZA,Carerix,Edegem,2650,Wilrijkstraat 10,Antwerpen,,,,,,,,,,,,0,0,Gezondheids- en welzijnszorg,Gezondheidszorg/algemeen,,,,,,,,
Prospect,20,Toreon,Carerix,Antwerpen,2018,Grote Hondstraat 44 1/1,Antwerpen,,,,,,,,,,,,0,0,Computerservice- en ict-bedrijven,"Systeemontwikkelings-, systeemanalyse- en programmeerdiensten","[RI 03-06-2022 10:08] via Lemon bij ons terecht gekomen 50 medewerkers, waarvan 35 op hun payroll IT-security bedrijf",,,,,,,
Prospect,Elsvandenwyngaert,Mood.Management,Carerix,Nazareth,9810,"Plaanstraat 12, 9810 Nazareth",Oost-Vlaanderen,Nazareth,9810,"Plaanstraat 12, 9810 Nazareth",Oost-Vlaanderen,Nazareth,9810,"Plaanstraat 12, 9810 Nazareth",Oost-Vlaanderen,,Relaties / Netwerk,,0,0,Zakelijke dienstverlening,"Arbeidsbemiddeling, uitzendbureaus e.d.",,,,,,,,
Prospect,Elsvandenwyngaert,Kuehne + Nagel,Carerix,,,,,,,,,,,,,,Relaties / Netwerk,,0,0,Transport en logistiek,Logistieke instellingen,,,,,,,,
Prospect,karenvanderaa,Halito,Carerix,,,,,,,,,,,,,,Relaties / Netwerk,karen - connexi,0,0,Computerservice- en ict-bedrijven,Adviesbureaus op gebied van automatisering en systeemhuizen,Gespecialiseerd specifiek in event-software voor grote corporates die van events mee ene strategische pijler hebben gemaakt (zowel voor eigen mdw als klanten),,,,,,,
Prospect,20,PATROBA Family Bakers NV,Carerix,,,,,,,,,,,,,,,,0,0,Industrie,Voedingsmiddelen en dranken,,,,,,,,
Prospect,Elsvandenwyngaert,Smartwithfood,Carerix,Merelbeke,9820,"Guldensporenpark 100K, 9820 Merelbeke",Oost-Vlaanderen,Merelbeke,9820,"Guldensporenpark 100K, 9820 Merelbeke",Oost-Vlaanderen,Merelbeke,9820,"Guldensporenpark 100K, 9820 Merelbeke",Oost-Vlaanderen,,Relaties / Netwerk,Via Joost van Colruyt Group,0,0,Industrie,Voedingsmiddelen en dranken,"[EVDW 25-08-2022 15:53] Smartwithfood is een dochterbedrijf van de Colruyt Group. Start-up/Scale-up omgeving. Activiteit? Stimuleren van een gezonde levensstijl dmv het aanbieden van gepersonaliseerde ondersteuningstrajecten. Ze hebben een app, via dewelke ze klanten trajecten laten volgen, tips & tricks delen, informatie delen,... Momenteel werken ze met zo'n 60% freelancers, daar willen ze graag stilaan vanaf, willen meer en meer evolueren naar meer collega's op de payroll. Overall team met stevige profielen, collega's die eigen mening hebben en die ook brengen. Wanneer klik met het team? Als je van aanpakken weet, als je een doener bent, verantwoordelijkheid wil en durft nemen en af en toe wat tegengas durft geven. Hybride werkomgeving; min 3 dagen op kantoor, max 2 dagen van thuis",,,,,,,
Prospect,20,Om Collective,Carerix,St Niklaas,,,,,,,,,,,,,,,0,0,Zakelijke dienstverlening,Reclamebureaus e.d.,,,,,,,,
Prospect,20,O2O,Carerix,gent,,,,,,,,,,,,,,,0,0,Transport en logistiek,Vervoer over land,[RI 14-09-2022 14:14] Fiets leasing,,,,,,,
Prospect,karenvanderaa,Engie,Carerix,Brussel,1000,Simon Bolivarlaan 34,Brussel,Brussel,1000,Simon Bolivarlaan 34,Brussel,,,,,,Relaties / Netwerk,Kennis studententijd Karen,0,0,Nutsvoorzieningen,"Productie en distributie van gas, licht, water",,,,,,,,
Prospect,Elsvandenwyngaert,Telenet,Carerix,Mechelen,2800,"Liersesteenweg 4, 2800 Mechelen",Antwerpen,Mechelen,2800,"Liersesteenweg 4, 2800 Mechelen",Antwerpen,Mechelen,2800,"Liersesteenweg 4, 2800 Mechelen",Antwerpen,,,,0,0,Post en telecommunicatie,Internetproviders,Alle communicatie en beslissingen over tijdelijke invulling verloopt via Hays.,,,,,,,
Prospect,20,Yuki,Carerix,,,,,,,,,,,,,,,,0,0,Computerservice- en ict-bedrijven,Overig,"[RI 29-11-2022 14:04] Saas omgeving, vermarkten een online boekhoudprogramma. Doelgroep accountant en ondernemning.",,,,,,,
Prospect,Elsvandenwyngaert,Laco,Carerix,Diegem,1831,"Woluwelaan 135a, 1831 Diegem",Vlaams-Brabant,Diegem,1831,"Woluwelaan 135a, 1831 Diegem",Vlaams-Brabant,Diegem,1831,"Woluwelaan 135a, 1831 Diegem",Vlaams-Brabant,,,,0,0,Zakelijke dienstverlening,Overig,,,,,,,,
Prospect,karenvanderaa,DPG Media,Carerix,Antwerpen,2000,Mediaplein 1,Antwerpen,Antwerpen,2000,Mediaplein 1,Antwerpen,,,,,,Relaties / Netwerk,netwerk Karen,0,0,Zakelijke dienstverlening,Overig,,,,,,,,
Prospect,karenvanderaa,Reynaers Aluminium,Carerix,Duffel,,Oude Liersebaan 80,Antwerpen,Duffel,,Oude Liersebaan 80,Antwerpen,,,,,,Relaties / Netwerk,Karen,0,0,Consumentenartikelen (handel en reparatie),Groothandel,"Huidige HR Dir, Kathleen Dupont = ex-collega van Karen/USG",,,,,,,
Prospect,20,Smart Presentations,Carerix,,,,,,,,,,,,,,,,0,0,Zakelijke dienstverlening,Reclamebureaus e.d.,,,,,,,,
Prospect,karenvanderaa,ION,Carerix,Antwerpen,2018,Generaal Lemanstraat 61/B3,Antwerpen,,,,,Waregem,8790,Vredestraat 53,West-Vlaanderen,,Relaties / Netwerk,Karen (via Frederic Van der Planken),0,0,Zakelijke dienstverlening,Overig,"Vastgoed, projectontwikkelaar. Hoofdkantoor in Waregem maar ook kantoren in Antwerpen & Brussel. In contact gekomen via Frederic, zoeken marketeer.",,,,,,,
Prospect,karenvanderaa,BDO,Carerix,Zaventem,1930,The Corporate Village Da Vincilaan 9 - Box E.6,Brussel,Zaventem,1930,The Corporate Village Da Vincilaan 9 - Box E.6,Brussel,,,,,,Relaties / Netwerk,Karen,0,0,Zakelijke dienstverlening,"Accountants, administratiekantoren en belastingconsulenten",In contact gekomen met Recruiter Emma via Marijke Van Dyck,,,,,,,
Prospect,karenvanderaa,USG Professionals,Carerix,Berchem,2600,Berchemstadionstraat 76,Antwerpen,Berchem,2600,Berchemstadionstraat 76,Antwerpen,,,,,,Relaties / Netwerk,karen,0,1,Zakelijke dienstverlening,"Arbeidsbemiddeling, uitzendbureaus e.d.",ex-werkgever van Karen,,,,,,,
Prospect,karenvanderaa,Matexi,Carerix,Waregem,8790,Franklin Rooseveltlaan 180,West-Vlaanderen,,,,,,,,,,,,0,0,Bouwnijverheid,Bouw/algemeen,bestaat 75 jaar Middelgrote KMO Regionale kantoren in elke provincie,NV,,,,,,
Prospect,karenvanderaa,Keyrus,Carerix,Grimbergen,1853,Nijverheidslaan 3/2,Vlaams-Brabant,,,,,,,,,,,,0,0,Computerservice- en ict-bedrijven,Adviesbureaus op gebied van automatisering en systeemhuizen,"Internationaal ICT bedrijf met kantoor in Grimbergen. Hele fijne no-nonsense (bijna familiale) sfeer. Gespecialiseerd in BI Ooit geintroduceerd door Pieter Vandamme (ex-collega Karen/USG, ondertussen zelf weg en bij nieuw data bedrijf in W-Vl)",,,,,,,
Prospect,20,Sligro,Carerix,,,,,,,,,,,,,,,,0,0,Consumentenartikelen (handel en reparatie),Groothandel,,,,,,,,
Prospect,karenvanderaa,Vooruitzicht,Carerix,Antwerpen,2000,Leopold de Waelplaats 26,Antwerpen,Antwerpen,2000,Leopold de Waelplaats 26,Antwerpen,,,,,,Anders,via contacten met Joyce vroeger,0,0,Bouwnijverheid,Civiele bouw/gww,"Projectontwikkelaar. Opgericht in 1905, gestart als klassieke aannemer, sinds 2011 puur projectontwikkeling in grootschalige projecten, vnl residentieel vastgoed. Vroegere projecten: De Roma, Stadsfeestzaal. Nu: Regatta residentiële woonwijk Linkeroever Platte organisatie, 3-koppige directie, 1 aandeelhouder (Luc Van Marcke) 80-tal medewerkers 1 iemand op marketing: Lauranne van Loock, Marketing Mngr sinds begin 2022 in dienst. Had een medewerker, is vertrokken. Mooi bedrijf, zeer open en to-the-point communicatie (maar respectvol!) Struikelen wel over budget wat zij erg duur vinden. Om die reden wss niet de ideale klant voor ons.",,,,,,,
Prospect,karenvanderaa,Springbok Agency,Carerix,Mechelen,2800,Bautersemstraat 68,Antwerpen,,,,,,,,,,Relaties / Netwerk,Karen/Stefan,0,0,Zakelijke dienstverlening,Advies- en pr bureaus,"Marketing Agency, hebben in 2022 ook Duke & Grace overgenomen",,,,,,,
Prospect,20,KA Construct,Carerix,Beerse,,,,,,,,,,,,,,,0,0,Bouwnijverheid,Bouw/algemeen,[RI 30-05-2023 15:04] Bedrijf in aluminium gevel constructies. Ons gecontacteerd via advertentie in KMO Insider,,,,,,,
Prospect,karenvanderaa,Melexis,Carerix,,,kantoor in Ieper + Tessenderlo (productie),,,,,,,,,,,,,0,0,Computerservice- en ict-bedrijven,Overig,"Wereldwijde producent van micro-technologie (lasers, micro-chips...) vnl voor automotive en energie. Data-driven, tussen engineering & IT. Hoofdkantoor in BE, beursgenoteerd.",,,,,,,
Prospect,Elsvandenwyngaert,Lyreco,Carerix,Berchem,2600,"Berchemstadionstraat 72, 2600 Berchem",Antwerpen,Berchem,2600,"Berchemstadionstraat 72, 2600 Berchem",Antwerpen,Berchem,2600,"Berchemstadionstraat 72, 2600 Berchem",Antwerpen,,Eigen database,Reactie op mailing kandidaten voor vast,0,0,Industrie,Overig,[EVDW 28-07-2023 14:40] Leverancier van kantoorartikelen en kantoorinrichting.,,,,,,,
Prospect,20,Spacewell,Carerix,,,,,,,,,,,,,,,,0,0,Zakelijke dienstverlening,Overig,"[RI 16-08-2023 14:44] Dankzij onze software en technologische tools verlopen uw facilitaire processen vlotter, dringt u tal van kosten en uw energieverbruik terug, en creëert u gebouwen en werkplekken die uitstekende prestaties leveren.",,,,,,,
Prospect,20,DSV,Carerix,,,,,,,,,,,,,,,,0,0,Transport en logistiek,Vervoer over land,"[RI 24-08-2023 11:24] vervoer over land, water en lucht air & sea het grootste in Belgie",,,,,,,
Prospect,20,Vivaldis Interim,Carerix,,,,,,,,,,,,,,,,0,0,Zakelijke dienstverlening,"Arbeidsbemiddeling, uitzendbureaus e.d.",,,,,,,,
Prospect,Elsvandenwyngaert,Skyscrapers (ilibris bvba),Carerix,,,,,,,,,,,,,,Relaties / Netwerk,LinkedIN,0,0,Computerservice- en ict-bedrijven,Adviesbureaus op gebied van automatisering en systeemhuizen,"[EVDW 16-10-2023 11:47] Technisch IT bedrijf, bestaat 7 jaar, 12 medewerkers wereldwijd. Activiteit: leveren van SaaS (Software as a Service). Is heel niche/gespecialiseerd. Cloud service center. Beheren de cloud voor hun klanten. Werken volledig remote, hebben een héél zelfsturende manier van werken. Nood aan: transparante communicatie, iemand die plan kan trekken, die doet, zelfstandig is en verantwoordelijkheid neemt.",,,,,,BE 0471.811.760,
Prospect,Elsvandenwyngaert,Coolblue,Carerix,Berchem,2600,Borsbeeksebrug 28 2600 Antwerpen,Antwerpen,Berchem,2600,Borsbeeksebrug 28 2600 Antwerpen,Antwerpen,Berchem,2600,Borsbeeksebrug 28 2600 Antwerpen,Antwerpen,,Relaties / Netwerk,,0,0,Industrie,Elektrische- en optische apparaten en instrumenten,"[EVDW 16-10-2023 12:28] Maarten, HR Lead Belgium voor Coolblue is contact via Karen. Is ook naar de HOT 6 geweest, in mei 2023.",,,,,,,
Prospect,talentsourcer,MobilityPlus,Carerix,Gent,9000,,,,,,,,,,,,,,0,0,"Milieudienstverlening, cultuur, recreatie en overige dienstverlening",Overige dienstverlening,,,,,,,,
Prospect,karenvanderaa,Eubelius,Carerix,Kortrijk,8500,President Kennedypark 37,West-Vlaanderen,Kortrijk,8500,President Kennedypark 37,West-Vlaanderen,,,,,,,,0,0,Zakelijke dienstverlening,Rechtskundige dienstverlening,"[KVDA 06-11-2023 16:17] Gerenommeerd advocatenkantoor (hoofdkantoor Brussel). Via Aelbrecht Van Damme (The Harbour - contact Connexi) lead gekregen. Specifiek voor kantoor Kortrijk: frustratie over headhunters, duur en weinig resultaat. Willen hands-on zelf aan de slag en iemand die hen op weg helpt. Mijn redenering: leuke korte opdracht voor een starter?",,,,,,,
Prospect,talentsourcer,Besix Infra Support nv,Carerix,Schelle,2627,Steenwinkelstraat 640,Antwerpen,Schelle,2627,Steenwinkelstraat 640,Antwerpen,Schelle,2627,Steenwinkelstraat 640,Antwerpen,,,,0,0,Bouwnijverheid,Burgerlijke- en utiliteitsbouw,,,,,,,,
Prospect,talentsourcer,Movify,Carerix,Brussel,1150,Arendplaats 33,Brussel,,,,,,,,,,,,0,0,Zakelijke dienstverlening,Advies- en pr bureaus,,,,,,,,
Prospect,Elsvandenwyngaert,Codit,Carerix,Gent,9050,Gaston Crommenlaan 14 9050 Gent,Oost-Vlaanderen,Gent,9050,Gaston Crommenlaan 14 9050 Gent,Oost-Vlaanderen,Gent,9050,Gaston Crommenlaan 14 9050 Gent,Oost-Vlaanderen,,Relaties / Netwerk,,0,0,Computerservice- en ict-bedrijven,Overig,,,,,,,,
Prospect,20,Covestro,Carerix,,,,,,,,,,,,,,,,0,0,Industrie,Chemie/petrochemie,"Vroegere chemietak van Bayer, nu afzonderlijk bedrijf, focus op basisproducten Maken isolatie, schuimen voor zetels en matrassen, vooral basisproducten, ook grondstoffen voor polycarbonaat (petflessen, fietshelmen, geluidsmuren, …) 960 FTE's",,,,,,,
Prospect,20,Lidl,Carerix,,,,,,,,,,,,,,,,0,0,Consumentenartikelen (handel en reparatie),Detailhandel,,,,,,,,
Prospect,talentsourcer,Actum,Carerix,Wetteren,9230,"Honderdweg 16, 9230 Wetteren",Oost-Vlaanderen,,,,,,,,,,Vacaturebank overig,,0,0,Consumentenartikelen (handel en reparatie),Groothandel,,,,,,,,
Prospect,talentsourcer,OLV Ziekenhuis,Carerix,Aalst,9300,Moorselbaan 164,Oost-Vlaanderen,,,,,,,,,,,,0,0,Gezondheids- en welzijnszorg,Gezondheidszorg/algemeen,,,,,,,,
Prospect,talentsourcer,Gumption Group,Carerix,,2550,Satenrozen 10,,,,,,,,,,,,,0,0,Computerservice- en ict-bedrijven,"Systeemontwikkelings-, systeemanalyse- en programmeerdiensten",,,,,,,,
Prospect,20,Atlas Copco,Carerix,,,,,,,,,,,,,,Relaties / Netwerk,,0,0,Industrie,Machine- en apparatenbouw,,,,,,,,
Prospect,20,AS Adventure,Carerix,Hoboken,,,,,,,,,,,,,Relaties / Netwerk,,0,0,Consumentenartikelen (handel en reparatie),Detailhandel,,,,,,,,
Prospect,Elsvandenwyngaert,Aphea.Bio NV,Carerix,Zwijnaarde,9052,"Technologiepark 21, 9052 Zwijnaarde",Oost-Vlaanderen,Zwijnaarde,9052,"Technologiepark 21, 9052 Zwijnaarde",Oost-Vlaanderen,Zwijnaarde,9052,"Technologiepark 21, 9052 Zwijnaarde",Oost-Vlaanderen,,Anders,All Call Services belactie,0,0,"Landbouw, jacht en bosbouw",Land- en tuinbouw/algemeen,Ontwikkeling van biologische producten in de landbouw Agro-tech meer bepaald een duurzaam alternatief voor pesticiden in de landbouw (vnl tarwe & graangewassen) opgericht in 2017 70 medewerkers (vnl bio-ingenieurs) volop in R&D fase,,,,,,,
Prospect,Elsvandenwyngaert,Qteam,Carerix,Sint-Niklaas,9100,"Oostjachtpark 7, 9100 Sint-Niklaas",Oost-Vlaanderen,,,,,,,,,,Anders,Salesactie,0,0,Consumentenartikelen (handel en reparatie),"Handel in auto's, benzinestations",Bandencentrale,,,,,,,
Prospect,Elsvandenwyngaert,Sibelga,Carerix,Brussel,1000,Werkhuizenkaai 16 1000 Brussel,Brussel,Brussel,1000,Werkhuizenkaai 16 1000 Brussel,Brussel,Brussel,1000,Werkhuizenkaai 16 1000 Brussel,Brussel,,Anders,gevonden via website,0,0,Nutsvoorzieningen,"Productie en distributie van gas, licht, water",Actief in energiedistributie in Brussel,,,,,,,
Prospect,talentsourcer,Xplore Group,Carerix,Kontich,2550,Prins Boudewijnlaan 24E 2550 Kontich,Antwerpen,Kontich,2550,Prins Boudewijnlaan 24E 2550 Kontich,Antwerpen,Kontich,2550,Prins Boudewijnlaan 24E 2550 Kontich,Antwerpen,,Anders,Salesacties,0,0,Computerservice- en ict-bedrijven,Adviesbureaus op gebied van automatisering en systeemhuizen,,,,,,,,
Prospect,Elsvandenwyngaert,Sofico,Carerix,Zwijnaarde,9052,Technol.park-Zwijnaarde 84 9052 Zwijnaarde,Oost-Vlaanderen,Zwijnaarde,9052,Technol.park-Zwijnaarde 84 9052 Zwijnaarde,Oost-Vlaanderen,Zwijnaarde,9052,Technol.park-Zwijnaarde 84 9052 Zwijnaarde,Oost-Vlaanderen,,Anders,Sales,0,0,Computerservice- en ict-bedrijven,Overig,Bieden software binnen automotive sector,,,,,,,
Prospect,Elsvandenwyngaert,Turbulent,Carerix,Leuven,3012,Wijgmaalsesteenweg 6 3012 Leuven,Vlaams-Brabant,Leuven,3012,Wijgmaalsesteenweg 6 3012 Leuven,Vlaams-Brabant,Leuven,3012,Wijgmaalsesteenweg 6 3012 Leuven,Vlaams-Brabant,,Anders,Salesactie ACS,0,0,Bouwnijverheid,Overig,"Hydro-elektrische turbines, hernieuwbare energie",NV,,,,,BE 0568.847.689,
Prospect,Elsvandenwyngaert,Beko,Carerix,Meerhout,2450,Jagersweg 15 2450 Meerhout,Antwerpen,Meerhout,2450,Jagersweg 15 2450 Meerhout,Antwerpen,Meerhout,2450,Jagersweg 15 2450 Meerhout,Antwerpen,,Anders,ACS,0,0,Industrie,Hout- en papierindustrie,Industrie & schrijnwerkprojecten op maat,BV,,,,,,
Prospect,Elsvandenwyngaert,Fashion Society,Carerix,Merchtem,1785,Brusselsesteenweg 185 1785 Merchtem,Vlaams-Brabant,Merchtem,1785,Brusselsesteenweg 185 1785 Merchtem,Vlaams-Brabant,Merchtem,1785,Brusselsesteenweg 185 1785 Merchtem,Vlaams-Brabant,,Relaties / Netwerk,Gastspreker HOT 8,0,0,Consumentenartikelen (handel en reparatie),Detailhandel,,,,,,,,
Prospect,Elsvandenwyngaert,Unilever Belgium,Carerix,Brussel,1070,"Industrielaan 9,1070 Brussel",Brussel,Brussel,1070,"Industrielaan 9,1070 Brussel",Brussel,Brussel,1070,"Industrielaan 9,1070 Brussel",Brussel,,Relaties / Netwerk,HOT 7,0,0,Industrie,Voedingsmiddelen en dranken,,NV,,,,,,
Prospect,Elsvandenwyngaert,BelOrta,Carerix,Sint-Katelijne-Waver,2860,Mechelsesteenweg 120 2860 Sint-Katelijne-Waver,Antwerpen,Sint-Katelijne-Waver,2860,Mechelsesteenweg 120 2860 Sint-Katelijne-Waver,Antwerpen,Sint-Katelijne-Waver,2860,Mechelsesteenweg 120 2860 Sint-Katelijne-Waver,Antwerpen,,Anders,Sales ACS,0,0,"Landbouw, jacht en bosbouw",Land- en tuinbouw/algemeen,,CV,,,,,BE 0848.973.395,
Prospect,Elsvandenwyngaert,SBB Accountants & Advisors,Carerix,Leuven,3000,Diestsevest 32/1 3000 Leuven,Vlaams-Brabant,Leuven,3000,Diestsevest 32/1 3000 Leuven,Vlaams-Brabant,Leuven,3000,Diestsevest 32/1 3000 Leuven,Vlaams-Brabant,,Anders,Sales actie ACS,0,0,Zakelijke dienstverlening,"Accountants, administratiekantoren en belastingconsulenten",,BV,,,,,BE 0420.170.841,
Prospect,Elsvandenwyngaert,Woonhaven Antwerpen,Carerix,Antwerpen,2020,Jan Denucéstraat 23 2020 Antwerpen,Antwerpen,Antwerpen,2020,Jan Denucéstraat 23 2020 Antwerpen,Antwerpen,Antwerpen,2020,Jan Denucéstraat 23 2020 Antwerpen,Antwerpen,,Anders,Sales actie ACS,0,0,Roerende en onroerende goederen (verhuur en handel),Verhuur en bemiddeling in onroerend goed,,BV,,,,,BE 0403.795.657,
Prospect,Elsvandenwyngaert,Lunch Garden,Carerix,Brussel,1140,Olympiadenlaan 2 1140 Brussel,Brussel,Brussel,1140,Olympiadenlaan 2 1140 Brussel,Brussel,Brussel,1140,Olympiadenlaan 2 1140 Brussel,Brussel,,Anders,Sales Actie ACS,0,0,Horeca,"Logies-, drank- en maaltijdenverstrekking",,VOF,,,,,BE 0447.668.559,
Prospect,Elsvandenwyngaert,De Vijver,Carerix,Deurne,2100,"Bosuil 138, 2100 Deurne",Antwerpen,Deurne,2100,"Bosuil 138, 2100 Deurne",Antwerpen,Deurne,2100,"Bosuil 138, 2100 Deurne",Antwerpen,,Anders,ACS,0,0,Gezondheids- en welzijnszorg,Gezondheidszorg/algemeen,,Overig,,,,,,
Prospect,karenvanderaa,Brouwerij Haacht,Carerix,Boortmeerbeek,3190,Provinciesteenweg 28,Vlaams-Brabant,Boortmeerbeek,3190,Provinciesteenweg 28,Vlaams-Brabant,Boortmeerbeek,3190,Provinciesteenweg 28,Vlaams-Brabant,,Anders,All Call Services,0,0,Horeca,"Logies-, drank- en maaltijdenverstrekking",,,,,,,,
Prospect,Elsvandenwyngaert,Update-pro,Carerix,Wijnegem,2110,Stokerijstraat 25 22A 2110 Wijnegem,Antwerpen,Wijnegem,2110,Stokerijstraat 25 22A 2110 Wijnegem,Antwerpen,Wijnegem,2110,Stokerijstraat 25 22A 2110 Wijnegem,Antwerpen,,Anders,Salesactie ACS,0,0,Zakelijke dienstverlening,"Arbeidsbemiddeling, uitzendbureaus e.d.",,,,,,,,
Prospect,Elsvandenwyngaert,Actoplus,Carerix,Antwerpen,2018,Mechelsesteenweg 151 2018 Antwerpen,Antwerpen,Antwerpen,2018,Mechelsesteenweg 151 2018 Antwerpen,Antwerpen,Antwerpen,2018,Mechelsesteenweg 151 2018 Antwerpen,Antwerpen,,Anders,Sales Actie ACS,0,0,"Milieudienstverlening, cultuur, recreatie en overige dienstverlening",Overige dienstverlening,,,,,,,,
Prospect,Elsvandenwyngaert,De Brug VZW,Carerix,Mortsel,2640,Waesdonckstraat 1 2640 Mortsel,Antwerpen,Mortsel,2640,Waesdonckstraat 1 2640 Mortsel,Antwerpen,Mortsel,2640,Waesdonckstraat 1 2640 Mortsel,Antwerpen,,Anders,Sales Actie ACS,0,0,Gezondheids- en welzijnszorg,Gezondheidszorg/algemeen,,Overig,,,,,BE 0408.347.828,
Prospect,Elsvandenwyngaert,Sereni,Carerix,Antwerpen,2000,Jan van Gentstraat 7/402 2000 Antwerpen,Antwerpen,Antwerpen,2000,Jan van Gentstraat 7/402 2000 Antwerpen,Antwerpen,Antwerpen,2000,Jan van Gentstraat 7/402 2000 Antwerpen,Antwerpen,,Relaties / Netwerk,Netwerk Karen,0,0,Gezondheids- en welzijnszorg,Gezondheidszorg/algemeen,,NV,,,,,BE 0463.338.811,
Prospect,Elsvandenwyngaert,Vlaamse Landmaatschappij,Carerix,Brussel,1210,Koning Albert II-laan 15 1210 Brussel,Brussel,Brussel,1210,Koning Albert II-laan 15 1210 Brussel,Brussel,Brussel,1210,Koning Albert II-laan 15 1210 Brussel,Brussel,,Anders,Sales ACS,0,0,"Milieudienstverlening, cultuur, recreatie en overige dienstverlening",Milieudienstverlening,,NV,,,,,BE 0236.506.685,
Prospect,karenvanderaa,Aldi,Carerix,Erpe-Mere (hoofdkantoor),,,Oost-Vlaanderen,,,,,,,,,,Anders,via consultant,0,0,Consumentenartikelen (handel en reparatie),Detailhandel,,,,,,,,
Prospect,karenvanderaa,Cummins,Carerix,Rumst,,,,,,,,,,,,,Anders,wishlist Lucca + relatie Karen,0,0,Industrie,Machine- en apparatenbouw,Grootste producent van diesel & gasmotoren,,,,,,,
Prospect,karenvanderaa,Geosquare,Carerix,Kontich,,,Antwerpen,,,,,,,,,,Anders,wishlist Lucca,0,0,Computerservice- en ict-bedrijven,"Systeemontwikkelings-, systeemanalyse- en programmeerdiensten",,,,,,,,
Prospect,Elsvandenwyngaert,Ecopower,Carerix,Berchem,2600,Posthoflei 3 bus 3 2600 Berchem,Antwerpen,Berchem,2600,Posthoflei 3 bus 3 2600 Berchem,Antwerpen,Berchem,2600,Posthoflei 3 bus 3 2600 Berchem,Antwerpen,,Anders,Wishlist consultants,0,0,Nutsvoorzieningen,"Productie en distributie van gas, licht, water",,CV,,,,,BE 0445.389.356,
Prospect,Elsvandenwyngaert,Bpost,Carerix,Brussel,1000,Anspachlaan 1 bus 1 1000 Brussel,Brussel,Brussel,1000,Anspachlaan 1 bus 1 1000 Brussel,Brussel,Brussel,1000,Anspachlaan 1 bus 1 1000 Brussel,Brussel,,Relaties / Netwerk,Via Wendy Van Nunnen,0,0,Post en telecommunicatie,Post- en koeriersdiensten,,NV,,,,,BE 0214.596.464,
Prospect,Elsvandenwyngaert,Dynapps,Carerix,Geel,2440,Antwerpseweg 1 2440 Geel,Antwerpen,Geel,2440,Antwerpseweg 1 2440 Geel,Antwerpen,Geel,2440,Antwerpseweg 1 2440 Geel,Antwerpen,,Anders,Wishlist consultants,0,0,Computerservice- en ict-bedrijven,Overig,,NV,,,,,BE 0830.629.113,
Prospect,Elsvandenwyngaert,The Foodmaker,Carerix,Oevel,2260,Nijverheidsstraat 50 2260 Oevel,Antwerpen,Oevel,2260,Nijverheidsstraat 50 2260 Oevel,Antwerpen,Oevel,2260,Nijverheidsstraat 50 2260 Oevel,Antwerpen,,Relaties / Netwerk,,0,0,Horeca,"Logies-, drank- en maaltijdenverstrekking",,,,,,,,
Prospect,Elsvandenwyngaert,Buildr,Carerix,Borgerhout,2140,Bouwhandelstraat 34 2140 Borgerhout,Antwerpen,Borgerhout,2140,Bouwhandelstraat 34 2140 Borgerhout,Antwerpen,Borgerhout,2140,Bouwhandelstraat 34 2140 Borgerhout,Antwerpen,,Relaties / Netwerk,,0,0,Zakelijke dienstverlening,Overig,,,,,,,BE0793.124.953,
Prospect,Elsvandenwyngaert,Inovet,Carerix,Arendonk,2370,Hoge Mauw 900 2370 Arendonk,Antwerpen,Arendonk,2370,Hoge Mauw 900 2370 Arendonk,Antwerpen,Arendonk,2370,Hoge Mauw 900 2370 Arendonk,Antwerpen,,Anders,Wishlist consultants,0,0,Industrie,Overig,,NV,,,,,,
Prospect,Elsvandenwyngaert,Haribo,Carerix,Kontich,2550,Duffelsesteenweg 233 2550 Kontich,Antwerpen,Kontich,2550,Duffelsesteenweg 233 2550 Kontich,Antwerpen,Kontich,2550,Duffelsesteenweg 233 2550 Kontich,Antwerpen,,,,0,0,Industrie,Voedingsmiddelen en dranken,,BV,,,,,,
Prospect,Elsvandenwyngaert,Jeco Energies,Carerix,Herentals,2200,Welvaartstraat 6 2200 Herentals,Antwerpen,Herentals,2200,Welvaartstraat 6 2200 Herentals,Antwerpen,Herentals,2200,Welvaartstraat 6 2200 Herentals,Antwerpen,,,,0,0,Zakelijke dienstverlening,Architecten- en ingenieursbureaus,,,,,,,,
Prospect,Elsvandenwyngaert,Sika,Carerix,Ham,3945,"Nijverheidsweg 89, 3945 Ham",Limburg,Ham,3945,"Nijverheidsweg 89, 3945 Ham",Limburg,Ham,3945,"Nijverheidsweg 89, 3945 Ham",Limburg,,Anders,Sales - wishlist consultants,0,0,Bouwnijverheid,Bouw/algemeen,,,,,,,,
Prospect,Elsvandenwyngaert,Greenyard Frozen Belgium,Carerix,Westrozebeke,8840,Provinciebaan 17 8840 Westrozebeke,West-Vlaanderen,Westrozebeke,8840,Provinciebaan 17 8840 Westrozebeke,West-Vlaanderen,Westrozebeke,8840,Provinciebaan 17 8840 Westrozebeke,West-Vlaanderen,,,,0,0,Industrie,Voedingsmiddelen en dranken,,NV,,,,,BE 0660.936.521,
Prospect,talentsourcer,Innomedio,Carerix,West-Malle,2390,Steenovenstraat 2 2390 Malle België,,,,,,,,,,,Anders,LinkedIn,0,0,Post en telecommunicatie,Telecommunicatie en -diensten,Marketingbedrijf,BV,,,,,,
Prospect,talentsourcer,Sportoase,Carerix,Deurne,2100,Ruggeveldlaan 488,Antwerpen,,,,,,,,,,,,0,0,"Milieudienstverlening, cultuur, recreatie en overige dienstverlening","Cultuur, sport en recreatie",MVDL 12-08-2024 12:17] - Geen interesse in samenwerking met derden voor w&s,,,,,,,
Prospect,judithmuijen,Groep Maes,Carerix,,,,,,,,,,,,,,,,0,0,Bouwnijverheid,Overig,Maes Hoogwerkers is gespecialiseerd in de verhuur van spinhoogwerkers en hoogwerkers op vrachtwagen tot 103 m met bedienaar. 40 FTE,,,,,,,
Prospect,karenvanderaa,AFT,Carerix,Oelegem,2520,Ter Stratenweg 50,Antwerpen,Oelegem,2520,Ter Stratenweg 50,Antwerpen,,,,,,Anders,spontane sollicitatie consultant Maurane,0,0,Zakelijke dienstverlening,Overig,Leverancier in orthopedische en podologisch materiaal. Actief in BE & Duitsland,,,,,,,
Prospect,karenvanderaa,Buysse & Partners,Carerix,,,,,,,,,,,,,,Relaties / Netwerk,karen via Tom Van Lier,0,0,Zakelijke dienstverlening,Overig,"Frank Buysse is de neef/beste vriend van Tom Van Lier (RVB First Floor) Buysse en partners, actief als: 1/ VC investeerder 2/ vastgoed",,,,,,,
Prospect,Elsvandenwyngaert,Manna,Carerix,Wijnegem,2110,Bijkhoevelaan 24,Antwerpen,Wijnegem,2110,Bijkhoevelaan 24,Antwerpen,Wijnegem,2110,Bijkhoevelaan 24,Antwerpen,,Anders,Sales,0,0,Industrie,Voedingsmiddelen en dranken,,,,,,,,
Relatie,20,HR Talents,Carerix,,,,,,,,,,,,,,,,0,0,Zakelijke dienstverlening,"Arbeidsbemiddeling, uitzendbureaus e.d.",,,,,,,,
Relatie,talentsourcer,Duval Union,Carerix,,,,,,,,,,,,,,,,0,0,Zakelijke dienstverlening,Overig,,,,,,,,
Relatie,backoffice,Captain Jane,Carerix,,2900,Vic Meesstraat 20 2900 Schoten,,,2900,Vic Meesstraat 20 2900 Schoten,,,2900,Vic Meesstraat 20 2900 Schoten,,,,,1,0,Zakelijke dienstverlening,Overig,,Eenmanszaak,,1,,,BE0692.662.548,
Suspect,karenvanderaa,Interne opdrachtgever tbv Open Vacature,Carerix,,,,,,,,,,,,,,,,0,0,,,,,,,,,,
Suspect,karenvanderaa,Carerix B.V.,Carerix,Delft,2629 HD,Rotterdamseweg 183c 2629 HD DELFT,,Delft,2629 HD,Rotterdamseweg 183c 2629 HD DELFT,,Delft,2629 HD,Rotterdamseweg 183c 2629 HD DELFT,,,,,1,0,,,,BV,,,,,,
Suspect,talentsourcer,Board of Innovation,Carerix,Antwerpen,2000,Karel Oomsstraat 1,,,,,,,,,Antwerpen,,,,0,0,Zakelijke dienstverlening,Overig,,,,,,,,
Suspect,Elsvandenwyngaert,Facilicom,Carerix,,,,,,,,,,,,,,,,0,0,"Milieudienstverlening, cultuur, recreatie en overige dienstverlening",Overige dienstverlening,,,,,,,,
Suspect,20,SGS,Carerix,Antwerpen,2000,,,,,,,,,,,,Vacaturebank overig,,0,0,Zakelijke dienstverlening,Keuring en Controle,,,,,,,,
Suspect,talentsourcer,Kingsberry,Carerix,,,,,,,,,,,,,,,,0,0,Zakelijke dienstverlening,Reclamebureaus e.d.,,,,,,,,
Suspect,talentsourcer,Lotus Bakeries,Carerix,Lembeke,,,,,,,,,,,,,,,0,0,Consumentenartikelen (handel en reparatie),Groothandel,,,,,,,,
Suspect,talentsourcer,Just Russel,Carerix,Nevele,9850,,,,,,,,,,,,,,0,0,Consumentenartikelen (handel en reparatie),Groothandel,,,,,,,,
Suspect,talentsourcer,Grizzly Marketing,Carerix,Antwerpen,2018,,,,,,,,,,,,,,0,0,Zakelijke dienstverlening,Reclamebureaus e.d.,,,,,,,,
Suspect,Elsvandenwyngaert,Kabas Recruit,Carerix,Waregem,8790,"Baanstknokstraat 23a, 8790 Waregem",West-Vlaanderen,,,,,,,,,,,,0,0,Zakelijke dienstverlening,"Arbeidsbemiddeling, uitzendbureaus e.d.","[EVDW 10-11-2023 12:14] Kabas Recruit is een start-up, headhunting voor IT talent. Met specialisatie in SAP. Hebben nu een 10-tal collega's. Met best grote klantenportefeuille, vnl de grotere bedrijven. Zoeken actief naar jong talent binnen sales & recruitment. Hebben hiervoor ook opleidingstraject voorzien. In contact gekomen nadat Wout via LinkedIn Ada had benaderd. Ada heeft doorgegeven aan Emmelien en mezelf.",,,,,,,
Suspect,talentsourcer,Goed,Carerix,Brussel,1030,Haachtsesteenweg 579,Brussel,,,,,,,,,,,,0,0,Gezondheids- en welzijnszorg,Extramurale gezondheidszorg,,,,,,,,
Suspect,talentsourcer,4P Square,Carerix,Mechelen,2800,Veemarkt 37 bus A/2,Antwerpen,,,,,,,,,,,,0,0,Zakelijke dienstverlening,Advies- en pr bureaus,,,,,,,,
Suspect,talentsourcer,NMBS-SNCB,Carerix,Anderlecht,1070,Frankrijkstraat 56,Brussel,,,,,,,,,,,,0,0,Transport en logistiek,Vervoer over land,,,,,,,,
Suspect,talentsourcer,Yontec,Carerix,Hasselt,3500,"Kuringersteenweg 304, bus 3",Limburg,,,,,,,,,,,,0,0,Industrie,Machine- en apparatenbouw,,,,,,,,
Suspect,talentsourcer,AXA Belgium,Carerix,Brussel,1000,Troonplein 1,Brussel,,,,,,,,,,,,0,0,Financiële instellingen,Banken en geldscheppende instellingen,,,,,,,,
Suspect,talentsourcer,Boels Rental,Carerix,GV Sittard,6136,Doctor Nolenslaan 140,Limburg,,,,,,,,,,,,0,0,Bouwnijverheid,Overig,,,,,,,,
Suspect,talentsourcer,Gilbert De Clercq,Carerix,Temse,9140,Kapelanielaan 10,Oost-Vlaanderen,,,,,,,,,,,,0,0,Transport en logistiek,Vervoer over land,,,,,,,,
Suspect,talentsourcer,ACC,Carerix,,,,,,,,,,,,,,Eigen database,,0,0,Zakelijke dienstverlening,Advies- en pr bureaus,,,,,,,,
Suspect,talentsourcer,Agristo,Carerix,Wielsbeke,8710,Ridder de Ghellinckstraat 9,West-Vlaanderen,,,,,,,,,,,,0,0,Transport en logistiek,Vervoer over land,,,,,,,,
Suspect,talentsourcer,Verina Bourdon,Carerix,,,,,,,,,,,,,,,,0,0,,,,,,,,,,
Suspect,20,Natuurpunt,Carerix,Mechelen,,,,,,,,,,,,,Vacaturebank overig,,0,0,"Milieudienstverlening, cultuur, recreatie en overige dienstverlening",Milieudienstverlening,,Vereniging,,457,,,,
Suspect,20,Threon,Carerix,Gent,9000,,,,,,,,,,,,Vacaturebank overig,,0,0,Zakelijke dienstverlening,Overig,,,,,,,,
Suspect,20,Korian,Carerix,Kontich,2550,,Antwerpen,Kontich,2550,,Antwerpen,Kontich,2550,,Antwerpen,,Vacaturebank overig,,0,0,Gezondheids- en welzijnszorg,Welzijnszorg,,,,,,,,
Suspect,talentsourcer,Toqua,Carerix,Gent,9000,"Nieuwewandeling 62, 9000 Gent",,,,,,,,,,,,,0,0,Computerservice- en ict-bedrijven,Overig,,,,,,,,
Suspect,20,ElmosExperts,Carerix,Mechelen,,,,,,,,,,,,,Vacaturebank overig,,0,0,Zakelijke dienstverlening,Overig,IT-Consultancy,,,,,,,
Suspect,talentsourcer,G4S Global,Carerix,,,,,,,,,,,,,,,,0,0,Computerservice- en ict-bedrijven,Adviesbureaus op gebied van automatisering en systeemhuizen,groot Internationaal concern met meer dan 800K medewerkers.,,,,,,,
Suspect,Elsvandenwyngaert,Soudal,Carerix,Turnhout,2300,Everdongenlaan 20 2300 Turnhout,Antwerpen,Turnhout,2300,Everdongenlaan 20 2300 Turnhout,Antwerpen,Turnhout,2300,Everdongenlaan 20 2300 Turnhout,Antwerpen,,Relaties / Netwerk,,0,0,Industrie,Chemie/petrochemie,,NV,,,,,,
Suspect,talentsourcer,Delhaize,Carerix,,,,,,,,,,,,,,Relaties / Netwerk,Via Stefan Knecht,0,0,Industrie,Voedingsmiddelen en dranken,,,,,,,,
Suspect,Elsvandenwyngaert,Benedenti Groep NV,Carerix,Berlaar,2590,Park Diamant 1 2590 Berlaar,Antwerpen,Berlaar,2590,Park Diamant 1 2590 Berlaar,Antwerpen,Berlaar,2590,Park Diamant 1 2590 Berlaar,Antwerpen,,,,0,0,Gezondheids- en welzijnszorg,Gezondheidszorg/algemeen,,NV,,,,,,
Suspect,talentsourcer,BASF,Carerix,,,,,,,,,,,,,,,,0,0,Industrie,Chemie/petrochemie,,,,,,,,
Suspect,talentsourcer,OXYGEN,Carerix,,,,,,,,,,,,,,,,0,0,Zakelijke dienstverlening,Overig,Verzekeringen,,,,,,,
Suspect,talentsourcer,Tormans Group,Carerix,,,,,,,,,,,,,,,,0,0,Zakelijke dienstverlening,"Arbeidsbemiddeling, uitzendbureaus e.d.",,,,,,,,
Suspect,talentsourcer,Mext Group,Carerix,,,,,,,,,,,,,,,,0,0,Gezondheids- en welzijnszorg,Gezondheidszorg/algemeen,EHBO producten en service,,,,,,,
Suspect,talentsourcer,Torfs,Carerix,,,,,,,,,,,,,,,,0,0,Consumentenartikelen (handel en reparatie),Detailhandel,,,,,,,,
Suspect,talentsourcer,lannoo uitgeverij,Carerix,,,,,,,,,,,,,,,,0,0,,,,,,,,,,
Suspect,talentsourcer,DB Schenker,Carerix,,,,Antwerpen,,,,,,,,,,Anders,,0,0,Transport en logistiek,Logistieke instellingen,,,,,,,,
Suspect,talentsourcer,Axxes IT Consultancy,Carerix,Antwerpen,2000,Entrepotkaai 10A 2000 Antwerpen,Antwerpen,Antwerpen,2000,Entrepotkaai 10A 2000 Antwerpen,Antwerpen,Antwerpen,2000,Entrepotkaai 10A 2000 Antwerpen,Antwerpen,,,,0,0,Computerservice- en ict-bedrijven,"Systeemontwikkelings-, systeemanalyse- en programmeerdiensten","[LHC 30-07-2024 09:31] Axxes IT Consultancy valt onder de sector van informatie- en communicatietechnologie (ICT), specifiek binnen de subcategorie van IT-dienstverlening en consultancy. Dit omvat het leveren van gespecialiseerde IT-diensten zoals softwareontwikkeling, systeembeheer, IT-strategieadvies, projectmanagement, en technische ondersteuning voor bedrijven.",,,,,,,
Suspect,talentsourcer,Merkado Agency,Carerix,,,Broederminstraat 9 2018 Antwerpen,Antwerpen,,,,,,,Broederminstraat 9 2018 Antwerpen,,,,,0,0,Zakelijke dienstverlening,Reclamebureaus e.d.,"one-stop-shop, go-to marktplaats agentschap. Wij zorgen voor uw uitdagingen en helpen u uw online bedrijf te laten groeien.",,,,,,,
Suspect,Elsvandenwyngaert,MSC Belgium NV,Carerix,Antwerpen,2030,"Noorderlaan 127a, 2030 Antwerpen",Antwerpen,Antwerpen,2030,"Noorderlaan 127a, 2030 Antwerpen",Antwerpen,Antwerpen,2030,"Noorderlaan 127a, 2030 Antwerpen",Antwerpen,,,,0,0,Transport en logistiek,Vervoer over land,,NV,,,,,,
Suspect,talentsourcer,Ambuce Rescue Team NV,Carerix,Wijnegem,2110,Bijkhoevelaan 8B,Antwerpen,,,,,,,,,,Anders,koude prospectie,0,0,Gezondheids- en welzijnszorg,Extramurale gezondheidszorg,[MVDL 14-08-2024 11:56] Gecontacteerd ivm werving en selectie,,,,,,,
Suspect,talentsourcer,Desco,Carerix,Wijnegem,2110,"Bijkhoevelaan 2, 2110 Wijnegem",Antwerpen,,,,,,,,,,Anders,,0,0,Consumentenartikelen (handel en reparatie),Groothandel,,,,,,,,
Suspect,talentsourcer,Q8,Carerix,Antwerpen,2000,,Antwerpen,,,,,,,,,,Anders,indeed,0,0,Industrie,"Aardolie-, steenkoolverw. Industrie",Tankstation,,,,,,,
Verloren klant,20,Fiduciaire Ten Hove,Carerix,Borsbeek,2150,Herentalsebaan 271,Antwerpen,,,,,,,,,,,,0,0,Zakelijke dienstverlening,"Accountants, administratiekantoren en belastingconsulenten",,,,,,,x,
Verloren klant,20,Makro Cash & Carry Belgium,Carerix,Wommelgem,2160,Nijverheidsstraat 70,Antwerpen,Wommelgem,2160,Nijverheidsstraat 70,Antwerpen,Wommelgem,2160,Nijverheidsstraat 70,Antwerpen,,,,0,0,Consumentenartikelen (handel en reparatie),Groothandel,[RI 20-05-2021 10:52] T.a.v.: Lise Michiels Makro Cash & Carry Belgium NV RSZ: 010 074 337 695 Nijverheidsstraat 70 2160 Wommelgem 8u per dag (40u/week) => opbouw ADV!,NV,,,,,BE 0406.952.018,
Verloren klant,20,TalentBay,Carerix,,,,,,,,,,,,,,,,0,0,Zakelijke dienstverlening,Overig,,,,,,,,
Verloren klant,20,Up Time Groep,Carerix,,,,,,,,,,,,,,,,0,0,Computerservice- en ict-bedrijven,Overig,,,,,,,,
Verloren klant,20,TBWA NV,Carerix,Zaventem,1930,Excelsiorlaan 75-77,Antwerpen,Zaventem,1930,Excelsiorlaan 75-77,Antwerpen,Zaventem,1930,Excelsiorlaan 75-77,Antwerpen,,,,0,0,Zakelijke dienstverlening,Reclamebureaus e.d.,[EVDW 14-10-2021 12:06] Vrijblijvend marketing profiel voorgesteld - FB: werken in principe niet samen met externe partners.,NV,,,,,BE414.235.827,
Verloren klant,karenvanderaa,Potemkino,Carerix,Koekelberg,1081,Antoine Courtstraat 28,Brussel,Koekelberg,1081,Antoine Courtstraat 28,Brussel,Lint,2547,Fabrieksstraat 38/30,Antwerpen,,Relaties / Netwerk,Karen,0,0,Post en telecommunicatie,Radio- en televisiebedrijven,,BV,,10,,,BE0589.971.123,
Verloren klant,20,Bloovi,Carerix,,,,,,,,,Sint-Martens-Latem,9830,Kortrijksesteenweg 88,,,,,0,0,Zakelijke dienstverlening,Overig,,,,,,,,
Verloren klant,20,Top Printing,Carerix,,,,,Zele,9240,Herderstraat 12,Oost-Vlaanderen,Zele,9240,Herderstraat 12,Oost-Vlaanderen,,,,0,0,Consumentenartikelen (handel en reparatie),Detailhandel,[RI 02-09-2021 11:45] Bizz-Cards Solutions nv Herderstraat 12 | 9240 Zele | T +32 52 45 45 00 Total Copy Service bvba Boerenkrijglaan 10 | 2200 Herentals | T +32 14 23 27 47 Drukkerij De Windroos Herderstraat 12 | 9240 Zele | T +32 50 79 97 96,NV,,,,,BE0476.880.308,
Verloren klant,20,BMW Group Belux,Carerix,,,,,Bornem,2880,Lodderstraat 16,Oost-Vlaanderen,,,,,,,,0,0,Consumentenartikelen (handel en reparatie),Detailhandel,[RI 06-09-2021 13:57] The Retail Performance Company Prins Boudewijnlaan 177-179 2610 Antwerpen ---------------------------------------------------------------- Contact at the BMW Group Belux: Center for Development (CA-526) Lodderstraat 16 2880 Bornem Tel: +32 3 890 98 71 Mail: Els.Van-den-Wyngaert@partner.bmw.be,,,,,,xxx,
Verloren klant,20,Retail Performance Company,Carerix,,,,,Antwerpen,2610,Prins Boudewijnlaan 177-179,Antwerpen,Antwerpen,2610,Prins Boudewijnlaan 177-179,Antwerpen,,Relaties / Netwerk,via Els Van Den Wyngaert,0,0,Zakelijke dienstverlening,Overig,"[RI 16-09-2021 14:02] 50% eigenaar van BMW en 50% van een andere firma Regelen facturatie voor BMW, wij facturen aan hen en zij factureren door aan BMW Hieronder vind je meer details over de facturatieflow. In afwachting van het ondertekende contract mag je alvast factureren volgens volgende procedure: 1. De offerte & factuur kan maandelijks opgemaakt worden, bij voorkeur einde maand 2. Je mag de offerte sturen naar cfdrpcbilling@bmw.be waarop je de naam van het project en het aantal uren/dagen vermeld dat de voorbije maand werden gepresteerd. 3. Na goedkeuring van je offerte kan je de factuur door sturen naar datzelfde mailadres cfdrpcbilling@bmw.be. Het is belangrijk dat volgende vermeld staat op je factuur • The Retail performance Company Prins Boudewiijnlaan 177-179 2610 Antwerpen, Belgium TVA: BE0541319683 • Prestatieperiode (Mag data zijn, mag ook vb “September 2021” zijn) • Referentie: PN10010684-3",BV,,,,,BE0541319683,
Verloren klant,talentsourcer,Arxus,Carerix,Kontich,2550,Veldkant 35D 2550 Kontich,Antwerpen,Kontich,2550,Veldkant 35D 2550 Kontich,Antwerpen,Kontich,2550,Veldkant 35D 2550 Kontich,Antwerpen,,Relaties / Netwerk,,0,0,Computerservice- en ict-bedrijven,Databanken,"Arxus maakt deel uit van de Cronos groep. Activiteiten: IT Cloud service provider. Drie grote peilers: 1) Private klanten: systeem en netwerk engineers 2) Public cloud 3) Microsoft 365 stack Hebben ook een customer service desk intern. Daar starten vaak de junior profielen om veel te leren en nadien te specialiseren in één van de drie peilers hierboven. In het algemeen weinig doorgroeimogelijkheden verticaal, wel stevig horizontaal. Bo is HR verantwoordelijke, Mats is recruiter. Erlend is hun manager. Standaard 40-uren werkweek.",,,,,,BE0806.065.149,
Verloren klant,talentsourcer,Radikal,Carerix,Antwerpen,2060,House of Innovation Duboisstraat 50,Antwerpen,,,,,,,,,,,,0,0,Computerservice- en ict-bedrijven,Overig,,,,,,,,
Verloren klant,talentsourcer,ePact,Carerix,Edegem,2650,Prins Bouwdewijnlaan 41,Antwerpen,,,,,,,,,,,,0,0,Computerservice- en ict-bedrijven,Overig,,,,,,,xx,
Verloren klant,karenvanderaa,FirstWave,Carerix,Brussel,1040,Avenue d’Auderghem 346,Brussel,Brussel,1040,Avenue d’Auderghem 346,Brussel,Kontich,2550,Veldkant 33A,Antwerpen,,Relaties / Netwerk,Cronos,0,0,Zakelijke dienstverlening,Overig,Consultancy in pharma & clinical research http://www.firstwave.be/,NV,,,,,BE0552 596 627,
Verloren klant,karenvanderaa,Euroports Group BV,Carerix,Kallo,9130,"Land van Waaslaan 5, Haven 1205",Antwerpen,Kallo,9130,"Land van Waaslaan 5, Haven 1205",Antwerpen,Kallo,9130,"Land van Waaslaan 5, Haven 1205",Antwerpen,,,,0,0,Transport en logistiek,Vervoer over water,Grote logistieke speler in de haven van Antwerpen,,,,,,BE0740.601.730,
