List1_Name,List2_Name,combined similarity,jw_similarity,token_similarity
Thomaes,THOMAS ET PIRON HOME SA,0.6161490683229813,0.8322981366459627,0.4
Thomaes,THOMASSEN et Fils SPRL,0.6225324675324675,0.8350649350649351,0.41
Thomaes,Thomas & Piron RENOVATION SA,0.5907142857142857,0.8214285714285715,0.36
HOOYBERGHS,HOOYBERGHS NV,1.0,1.0,1.0
HOUBEN,HOUBEN NV,1.0,1.0,1.0
Dillen Invest,Dillen Bouwteam NV,0.7331196581196582,0.8362393162393162,0.63
ALGEMENE BOUW MAES,Algemene Ondernemingen Himpe NV,0.7209584859584859,0.8219169719169719,0.62
ALGEMENE BOUW MAES,Algemene Bouw Deblaere BV,0.866638888888889,0.8932777777777778,0.84
ALGEMENE BOUW MAES,Algemene Bouwonderneming Cogghe en Cie NV,0.7347441520467837,0.8494883040935672,0.62
ALGEMENE BOUW MAES,ALGEMENE ONDERNEMING DRIESEN NV,0.7306349206349206,0.8412698412698413,0.62
ALGEMENE BOUW MAES,Algemene Bouwondernemingen Marcel Everaert-Cooreman NV,0.7318954248366013,0.8437908496732026,0.62
ALGEMENE BOUW MAES,Algemene Ondernemingen August Van Cauter NV,0.7308333333333333,0.8416666666666667,0.62
ALGEMENE BOUW MAES,ALGEMENE ONDERNEMINGEN HERMANS en Co NV,0.7283333333333333,0.8366666666666667,0.62
ALGEMENE BOUW MAES,ALGEMENE BOUW- EN BETONWERKEN VANEENOO NV,0.8447441520467835,0.8494883040935672,0.84
ALGEMENE BOUW MAES,ALHEEMBOUW NV,0.6901851851851852,0.8103703703703704,0.57
ALGEMENE BOUW MAES,ALGEMENE BOUWONDERNEMING DESPIERRE FILIP BV,0.7380969752241981,0.8561939504483964,0.62
ALGEMENE BOUW MAES,ALGEMENE BOUWONDERNEMING HERWEYERS NV,0.748562091503268,0.8771241830065359,0.62
ALGEMENE BOUW MAES,Algemene Ondernemingen Van Tornhaut BVBA,0.7257962109575012,0.8315924219150025,0.62
ALGEMENE BOUW MAES,Algeco Belgium NV,0.6211111111111111,0.8222222222222222,0.42
ALGEMENE BOUW MAES,ALGEMENE BOUW MAES NV,1.0,1.0,1.0
DURABRIK BOUWBEDRIJVEN - DURABRIK ENTREPRISES DE C,DURABRIK BOUWBEDRIJVEN - DURABRIK ENTREPRISES DE CONSTRUCTION NV,0.9660344827586207,0.9620689655172414,0.97
Stad Mortsel,STADSBADER NV,0.594047619047619,0.8280952380952381,0.36
SMET GWT EUROPE,SMET - TUNNELLING NV,0.7452941176470589,0.8205882352941177,0.67
D'HULST,DHULST' NV,0.9171428571428571,0.9142857142857143,0.92
EQUANS SA,VALENS SA,0.7371164021164021,0.8042328042328042,0.67
EQUANS SA,EQUANS NV,0.9666666666666667,0.9333333333333333,1.0
Denys,Denys NV,1.0,1.0,1.0
FRANKI  CONSTRUCT,FRANKI  CONSTRUCT SA,0.9842105263157894,0.968421052631579,1.0
FRANKI  CONSTRUCT,FRANKI SA,0.8388888888888889,0.8777777777777778,0.8
FRANKI  CONSTRUCT,FRANCOVERA NV,0.56875,0.8275,0.31
DELTA CONSULTING,DETRAC NV,0.7938888888888889,0.8577777777777779,0.73
WILLEMEN FINANCE,WILLEMEN CONSTRUCT NV,0.7557702020202021,0.8415404040404041,0.67
GROEP VAN ROEY,Van Roey NV,1.0,1.0,1.0
Fleur en Tine,FLUENTIS NV,0.5927472527472528,0.8054945054945055,0.38
JOS DEJONGH BOUWONDERNEMING,BOUWONDERNEMING DAMMAN NV,0.7543265993265993,0.6986531986531986,0.81
JOS DEJONGH BOUWONDERNEMING,BOUWONDERNEMING LAMERS NV,0.7367653660790916,0.6635307321581831,0.81
JOS DEJONGH BOUWONDERNEMING,Bouwonderneming Haex NV,0.7837037037037037,0.7074074074074074,0.86
JOS DEJONGH BOUWONDERNEMING,JOS DEJONGH BOUWONDERNEMING BV,0.99,0.98,1.0
JOS DEJONGH BOUWONDERNEMING,BOUWONDERNEMING ERIBO NV,0.7615608465608465,0.693121693121693,0.83
JOS DEJONGH BOUWONDERNEMING,BOUWONDERNEMING OOMS NV,0.7837037037037037,0.7074074074074074,0.86
MBG,MBG NV,1.0,1.0,1.0
MACHIELS BUILDING SOLUTIONS,MACHIELS BUILDING SOLUTIONS NV,1.0,1.0,1.0
Bouwonderneming Haex,DE BRUGSE ALGEMENE BOUWONDERNEMING NV,0.7290783410138248,0.5981566820276498,0.86
Bouwonderneming Haex,BOUW- EN HOUTONDERNEMING VERSTRAETE NV,0.7527067669172933,0.8354135338345865,0.67
Bouwonderneming Haex,Bouwonderneming Covemaeker NV,0.8836752136752137,0.9073504273504274,0.86
Bouwonderneming Haex,VANDEBOS ALGEMENE BOUWONDERNEMING NV,0.7007070707070707,0.5414141414141415,0.86
Bouwonderneming Haex,BOUWONDERNEMING DAMMAN NV,0.8922727272727272,0.9245454545454544,0.86
Bouwonderneming Haex,Algemene Bouwonderneming Cogghe en Cie NV,0.768157894736842,0.6763157894736841,0.86
Bouwonderneming Haex,BOUWONDERNEMING LAMERS NV,0.9018181818181819,0.9436363636363637,0.86
Bouwonderneming Haex,MERTENS BOUWONDERNEMING NV,0.7830903665814151,0.7061807331628303,0.86
Bouwonderneming Haex,BOUWBEDRIJF WIENEN NV,0.6491452991452991,0.8282905982905983,0.47
Bouwonderneming Haex,Bouwonderneming Haex NV,1.0,1.0,1.0
Bouwonderneming Haex,BOUWONDERNEMING KIJK EN BOUW NV,0.8757142857142857,0.8914285714285715,0.86
Bouwonderneming Haex,BOUWONDERNEMING CHRISTIAENS NV,0.8953703703703704,0.9307407407407408,0.86
Bouwonderneming Haex,ALGEMENE BOUWONDERNEMING DESPIERRE FILIP BV,0.7423600344530576,0.6247200689061154,0.86
Bouwonderneming Haex,ALGEMENE BOUWONDERNEMING HERWEYERS NV,0.7515686274509804,0.6431372549019608,0.86
Bouwonderneming Haex,JOS DEJONGH BOUWONDERNEMING BV,0.7725925925925925,0.6851851851851851,0.86
Bouwonderneming Haex,BOUWONDERNEMING ERIBO NV,0.895952380952381,0.9319047619047619,0.86
Bouwonderneming Haex,BOUWONDERNEMING OOMS NV,0.89,0.92,0.86
Bouwonderneming Haex,FRANSEN BOUWONDERNEMING NV,0.7830903665814151,0.7061807331628303,0.86
Bouwonderneming Haex,BOUWONDERNEMING CATTEEU BV,0.8892307692307693,0.9184615384615384,0.86
DEMOCO GROUP,DEMOCO NV,1.0,1.0,1.0
DEMOCO GROUP,GEMOCO NV,0.8594444444444445,0.888888888888889,0.83
DEMOCO GROUP,DEGO BVBA,0.7,0.8,0.6
Van Laere,Van Laere NV,1.0,1.0,1.0
Van Laere,DE LAERE DECOR NV,0.9454545454545455,0.890909090909091,1.0
Van Laere,Ageres NV,0.7761111111111112,0.8222222222222223,0.73
ARTES GROUP,Artes Depret NV,0.9416666666666667,0.8833333333333334,1.0
ARTES GROUP,Artes Roegiers NV,0.9357142857142857,0.8714285714285714,1.0
ARTES GROUP,Artes TWT SA,0.9416666666666667,0.8833333333333334,1.0
ARTES GROUP,Artem NV,0.8600000000000001,0.92,0.8
ARTES GROUP,ARGEA SA,0.7166666666666666,0.8133333333333332,0.62
VAN TORNHAUT,Algemene Ondernemingen Van Tornhaut BVBA,0.6881720430107526,0.3763440860215053,1.0
Huybreckx,Huybreckx NV,1.0,1.0,1.0
Dillen Bouwteam,Dillen Bouwteam NV,1.0,1.0,1.0
B SOLUTIONS,S.B.M.I. SA,0.8484848484848484,0.6969696969696969,1.0
B SOLUTIONS,C.B.D. SA,0.8518518518518519,0.7037037037037037,1.0
B SOLUTIONS,B & R - BOUW EN RENOVATIE NV,0.8400000000000001,0.68,1.0
BOUWBEDRIJF DETHIER,BOUWBEDRIJF WILLEMS & C° NV,0.789874686716792,0.8497493734335839,0.73
BOUWBEDRIJF DETHIER,Bouwbedrijf Meekers NV,0.8528947368421053,0.9157894736842105,0.79
BOUWBEDRIJF DETHIER,Bouwbedrijf Floré NV,0.8498916408668731,0.8897832817337461,0.81
BOUWBEDRIJF DETHIER,BOUWBEDRIJF VMG - DE COCK NV,0.7827033492822966,0.8354066985645933,0.73
BOUWBEDRIJF DETHIER,BOUWBEDRIJF KEULEN HENRI NV,0.8135423116615067,0.8970846233230134,0.73
BOUWBEDRIJF DETHIER,BOUWBEDRIJF EMILE ROMBAUT NV,0.8107089783281733,0.8914179566563467,0.73
BOUWBEDRIJF DETHIER,Bouwbedrijf Vandersmissen NV,0.8165913312693498,0.9031826625386997,0.73
BOUWBEDRIJF DETHIER,Bouwbedrijf J. Valckenborgh BV,0.7872807017543859,0.844561403508772,0.73
BOUWBEDRIJF DETHIER,BOUWBEDRIJF WIENEN NV,0.8356140350877193,0.9112280701754386,0.76
BOUWBEDRIJF DETHIER,BOUWBEDRIJF JANSSEN NV,0.8018421052631579,0.8736842105263157,0.73
BOUWBEDRIJF DETHIER,BOUWBEDRIJF VERSLUYS NV,0.8086842105263158,0.8873684210526316,0.73
BOUWBEDRIJF DETHIER,Bouwbedrijf Menbo NV,0.8398916408668731,0.8897832817337461,0.79
BOUWBEDRIJF DETHIER,BOUWBEDRIJF DETHIER NV,1.0,1.0,1.0
BOUWBEDRIJF DETHIER,BOUWBEDRIJF FURNIBO NV,0.8052255639097744,0.8804511278195488,0.73
BOUWBEDRIJF DETHIER,BOUWBEDRIJF VAN POPPEL NV,0.8206432748538012,0.8812865497076023,0.76
Renders,REYNDERS NV,0.9483333333333334,0.9666666666666667,0.93
Renders,RENOTEC NV,0.685,0.8,0.57
VANHOUT,VANHOUT NV,1.0,1.0,1.0
VANHOUT,vanhout.pro NV,0.9636363636363636,0.9272727272727272,1.0
WILLEMEN CONSTRUCT,WILLEMEN CONSTRUCT NV,1.0,1.0,1.0
CFE -MBG,MBG NV,0.5,0.0,1.0
Van Hoye Kris,HOOYBERGHS NV,0.7172222222222222,0.8044444444444444,0.63
Valens SA,VALENS SA,1.0,1.0,1.0
JAN DE NUL,Jan De Nul NV,1.0,1.0,1.0
JAN DE NUL,Jansen Building Projects NV,0.5306944444444445,0.8013888888888889,0.26
De Mourik Bouw,Mourik NV,0.9545454545454546,0.9090909090909091,1.0
VRINTEC,RENOTEC NV,0.7597619047619049,0.8095238095238096,0.71
BAM Interbuild,BAM Interbuild BV,0.9823529411764705,0.9647058823529411,1.0
IBS INDUSTRIAL,PAINTINGS & INDUSTRIAL COATINGS BV,0.723230984701573,0.6164619694031459,0.83
IBS INDUSTRIAL,IBS INDUSTRIAL NV,1.0,1.0,1.0
IBS INDUSTRIAL,VAN DE WALLE INDUSTRIAL BUILDING CONTRACTOR BV,0.7278815628815629,0.6257631257631258,0.83
CORDEEL GROUP,CORDEEL ZETEL TEMSE NV,0.9368421052631579,0.8736842105263157,1.0
CORDEEL GROUP,CORDEEL ZETEL HOESELT NV,0.9333333333333333,0.8666666666666666,1.0
Vanderstraeten,Vanderstraeten NV,1.0,1.0,1.0
Vanderstraeten,Vandendorpe Arthur NV,0.6415007215007216,0.8430014430014431,0.44
Vanderstraeten,Vandezande Construct BV,0.602888198757764,0.825776397515528,0.38
STADSBADER CONTRACTORS,Mols Contractors NV,0.7414656177156178,0.6729312354312355,0.81
STADSBADER CONTRACTORS,STADSBADER NV,0.9454545454545455,0.890909090909091,1.0
STADSBADER CONTRACTORS,STADSBADER CONTRACTORS BV,0.988,0.976,1.0
DELTHA,DETRAC NV,0.7461111111111112,0.8222222222222222,0.67
HERTSENS INFRA,HERPAIN ENTREPRISE SA,0.5741666666666667,0.8083333333333333,0.34
VANDEBOS ALGEMENE BOUWONDERNEMING,DE BRUGSE ALGEMENE BOUWONDERNEMING NV,0.8221898710608389,0.7743797421216776,0.87
VANDEBOS ALGEMENE BOUWONDERNEMING,VANDEBOS ALGEMENE BOUWONDERNEMING NV,1.0,1.0,1.0
VANDEBOS ALGEMENE BOUWONDERNEMING,BOUWONDERNEMING DAMMAN NV,0.6903535353535354,0.5707070707070707,0.81
VANDEBOS ALGEMENE BOUWONDERNEMING,Algemene Bouwonderneming Cogghe en Cie NV,0.7794592541960963,0.7189185083921926,0.84
VANDEBOS ALGEMENE BOUWONDERNEMING,BOUWONDERNEMING LAMERS NV,0.7248653198653199,0.6397306397306398,0.81
VANDEBOS ALGEMENE BOUWONDERNEMING,Bouwonderneming Haex NV,0.7007070707070707,0.5414141414141415,0.86
VANDEBOS ALGEMENE BOUWONDERNEMING,ALGEMENE BOUWONDERNEMING DESPIERRE FILIP BV,0.7592269874828014,0.6784539749656028,0.84
VANDEBOS ALGEMENE BOUWONDERNEMING,ALGEMENE BOUWONDERNEMING HERWEYERS NV,0.7749179578591343,0.7098359157182687,0.84
VANDEBOS ALGEMENE BOUWONDERNEMING,BOUWONDERNEMING ERIBO NV,0.7338184364654953,0.6376368729309906,0.83
VANDEBOS ALGEMENE BOUWONDERNEMING,BOUWONDERNEMING OOMS NV,0.7196464646464646,0.5792929292929293,0.86
BOUWBEDRIJF VAN POPPEL,BOUWBEDRIJF WILLEMS & C° NV,0.8089682539682539,0.8579365079365079,0.76
BOUWBEDRIJF VAN POPPEL,Bouwbedrijf Meekers NV,0.8206432748538012,0.8812865497076023,0.76
BOUWBEDRIJF VAN POPPEL,Bouwbedrijf Floré NV,0.8579878618113912,0.9059757236227824,0.81
BOUWBEDRIJF VAN POPPEL,BOUWBEDRIJF VMG - DE COCK NV,0.8113131313131313,0.8626262626262626,0.76
BOUWBEDRIJF VAN POPPEL,BOUWBEDRIJF KEULEN HENRI NV,0.8161111111111111,0.8722222222222222,0.76
BOUWBEDRIJF VAN POPPEL,ROMEL BOUWBEDRIJF NV,0.7921226268285092,0.7242452536570184,0.86
BOUWBEDRIJF VAN POPPEL,BOUWBEDRIJF EMILE ROMBAUT NV,0.8166666666666667,0.8733333333333333,0.76
BOUWBEDRIJF VAN POPPEL,Bouwbedrijf Vandersmissen NV,0.8042222222222222,0.8484444444444444,0.76
BOUWBEDRIJF VAN POPPEL,Bouwbedrijf J. Valckenborgh BV,0.8066666666666666,0.8533333333333333,0.76
BOUWBEDRIJF VAN POPPEL,BOUWBEDRIJF WIENEN NV,0.8244444444444445,0.888888888888889,0.76
BOUWBEDRIJF VAN POPPEL,BOUWBEDRIJF JANSSEN NV,0.8206432748538012,0.8812865497076023,0.76
BOUWBEDRIJF VAN POPPEL,BOUWBEDRIJF VERSLUYS NV,0.8277777777777777,0.8955555555555555,0.76
BOUWBEDRIJF VAN POPPEL,Bouwbedrijf Menbo NV,0.8479878618113912,0.9059757236227824,0.79
BOUWBEDRIJF VAN POPPEL,BOUWBEDRIJF DETHIER NV,0.8206432748538012,0.8812865497076023,0.76
BOUWBEDRIJF VAN POPPEL,BOUWBEDRIJF FURNIBO NV,0.8206432748538012,0.8812865497076023,0.76
BOUWBEDRIJF VAN POPPEL,BOUWBEDRIJF VAN POPPEL NV,1.0,1.0,1.0
ALHEEMBOUW,ALHEEMBOUW NV,1.0,1.0,1.0
ALHEEMBOUW,ALGEMENE BOUW MAES NV,0.6901851851851852,0.8103703703703704,0.57
Beneens bouw en interieur,Beneens bouw en interieur BV,0.9892857142857143,0.9785714285714285,1.0
A C H BOUW,A C H CONSTRUCT SA,0.7594444444444445,0.8488888888888889,0.67
A C H BOUW,A C H BOUW NV,1.0,1.0,1.0
BOUWBEDRIJF FURNIBO,BOUWBEDRIJF WILLEMS & C° NV,0.7875877192982457,0.8451754385964914,0.73
BOUWBEDRIJF FURNIBO,Bouwbedrijf Meekers NV,0.8018421052631579,0.8736842105263157,0.73
BOUWBEDRIJF FURNIBO,Bouwbedrijf Floré NV,0.8655159958720331,0.921031991744066,0.81
BOUWBEDRIJF FURNIBO,BOUWBEDRIJF VMG - DE COCK NV,0.7925119617224881,0.855023923444976,0.73
BOUWBEDRIJF FURNIBO,BOUWBEDRIJF KEULEN HENRI NV,0.8096271929824561,0.8892543859649122,0.73
BOUWBEDRIJF FURNIBO,BOUWBEDRIJF EMILE ROMBAUT NV,0.8165913312693498,0.9031826625386997,0.73
BOUWBEDRIJF FURNIBO,Bouwbedrijf Vandersmissen NV,0.7972807017543859,0.864561403508772,0.73
BOUWBEDRIJF FURNIBO,Bouwbedrijf J. Valckenborgh BV,0.7900438596491228,0.8500877192982457,0.73
BOUWBEDRIJF FURNIBO,BOUWBEDRIJF WIENEN NV,0.8243191311612363,0.8886382623224728,0.76
BOUWBEDRIJF FURNIBO,BOUWBEDRIJF JANSSEN NV,0.8018421052631579,0.8736842105263157,0.73
BOUWBEDRIJF FURNIBO,BOUWBEDRIJF VERSLUYS NV,0.8015413533834587,0.8730827067669173,0.73
BOUWBEDRIJF FURNIBO,Bouwbedrijf Menbo NV,0.8821826625386997,0.9343653250773993,0.83
BOUWBEDRIJF FURNIBO,BOUWBEDRIJF DETHIER NV,0.8052255639097744,0.8804511278195488,0.73
BOUWBEDRIJF FURNIBO,BOUWBEDRIJF FURNIBO NV,1.0,1.0,1.0
BOUWBEDRIJF FURNIBO,BOUWONDERNEMING ERIBO NV,0.668922305764411,0.8378446115288221,0.5
BOUWBEDRIJF FURNIBO,BOUWBEDRIJF VAN POPPEL NV,0.8206432748538012,0.8812865497076023,0.76
IBENS,IBENS NV,1.0,1.0,1.0
BOLCKMANS,BOLCKMANS NV,1.0,1.0,1.0
CIT BLATON,CIT BLATON SA,0.9769230769230769,0.9538461538461538,1.0
Vandenbussche,Vandenbussche NV,1.0,1.0,1.0
Vandenbussche,VANDEN BUSSCHE INDUSTRIEBOUW NV,0.6164285714285714,0.8928571428571429,0.34
VUYLSTEKE - EIFFAGE,AB-Eiffage NV,0.6367543859649123,0.4535087719298246,0.82
VUYLSTEKE - EIFFAGE,VUYLSTEKE - EIFFAGE NV,1.0,1.0,1.0
HOOYBERGHS HVAC,HOOYBERGHS NV,0.9666666666666667,0.9333333333333333,1.0
VANDENBRIELE,Vanderstraeten NV,0.6538095238095238,0.8476190476190476,0.46
VANDENBRIELE,Vandendorpe Arthur NV,0.6761111111111111,0.8222222222222222,0.53
VANDENBRIELE,Vandenbussche NV,0.7482051282051282,0.8564102564102564,0.64
Algemene Bouwonderneming Cogghe en Cie,ALGEMENE ONDERNEMINGEN ROBERT WYCKAERT NV,0.7212280701754386,0.8624561403508773,0.58
Algemene Bouwonderneming Cogghe en Cie,Algemene Ondernemingen Himpe NV,0.7847397339502603,0.8994794679005206,0.67
Algemene Bouwonderneming Cogghe en Cie,Algemene Ondernemingen E.G. VERSTRAETE & VANHECKE NV,0.7368385248836377,0.8536770497672753,0.62
Algemene Bouwonderneming Cogghe en Cie,DE BRUGSE ALGEMENE BOUWONDERNEMING NV,0.7850020960405794,0.7000041920811587,0.87
Algemene Bouwonderneming Cogghe en Cie,VANDEBOS ALGEMENE BOUWONDERNEMING NV,0.7794592541960963,0.7189185083921926,0.84
Algemene Bouwonderneming Cogghe en Cie,BOUWONDERNEMING DAMMAN NV,0.7287639553429028,0.6475279106858055,0.81
Algemene Bouwonderneming Cogghe en Cie,Algemene Bouw Deblaere BV,0.6926315789473685,0.8452631578947368,0.54
Algemene Bouwonderneming Cogghe en Cie,Algemene Bouwonderneming Cogghe en Cie NV,1.0,1.0,1.0
Algemene Bouwonderneming Cogghe en Cie,BOUWONDERNEMING LAMERS NV,0.7359011164274323,0.6618022328548644,0.81
Algemene Bouwonderneming Cogghe en Cie,ALGEMENE ONDERNEMING DRIESEN NV,0.7560751879699248,0.9021503759398496,0.61
Algemene Bouwonderneming Cogghe en Cie,Algemene Bouwondernemingen Marcel Everaert-Cooreman NV,0.7894267754948869,0.878853550989774,0.7
Algemene Bouwonderneming Cogghe en Cie,Algemene Ondernemingen August Van Cauter NV,0.732890559732665,0.8457811194653301,0.62
Algemene Bouwonderneming Cogghe en Cie,Bouwonderneming Haex NV,0.768157894736842,0.6763157894736841,0.86
Algemene Bouwonderneming Cogghe en Cie,ALGEMENE ONDERNEMINGEN HERMANS en Co NV,0.792280701754386,0.9045614035087719,0.68
Algemene Bouwonderneming Cogghe en Cie,ALGEMENE BOUW- EN BETONWERKEN VANEENOO NV,0.6909398496240602,0.8518796992481203,0.53
Algemene Bouwonderneming Cogghe en Cie,ALGEMENE BOUWONDERNEMING DESPIERRE FILIP BV,0.8322203577210092,0.8944407154420184,0.77
Algemene Bouwonderneming Cogghe en Cie,ALGEMENE BOUWONDERNEMING HERWEYERS NV,0.876609907120743,0.9232198142414861,0.83
Algemene Bouwonderneming Cogghe en Cie,Algemene Ondernemingen Van Tornhaut BVBA,0.7453689434504376,0.850737886900875,0.64
Algemene Bouwonderneming Cogghe en Cie,BOUWONDERNEMING ERIBO NV,0.7368462823725981,0.6436925647451962,0.83
Algemene Bouwonderneming Cogghe en Cie,BOUWONDERNEMING OOMS NV,0.742280701754386,0.624561403508772,0.86
Algemene Bouwonderneming Cogghe en Cie,ALGEMENE BOUW MAES NV,0.7347441520467837,0.8494883040935672,0.62
SWINNEN,BOUW- EN CONSTRUCTIEWERKEN SWINNEN BV,0.7809952809952809,0.561990561990562,1.0
DCA,DCA NV,1.0,1.0,1.0
BOUWBEDRIJF PEETERS - DE KEERSMAEKER,BOUWBEDRIJF WILLEMS & C° NV,0.7614661319073084,0.8329322638146168,0.69
BOUWBEDRIJF PEETERS - DE KEERSMAEKER,Bouwbedrijf Meekers NV,0.8120494417862838,0.8940988835725677,0.73
BOUWBEDRIJF PEETERS - DE KEERSMAEKER,Bouwbedrijf Floré NV,0.8208645276292336,0.8317290552584671,0.81
BOUWBEDRIJF PEETERS - DE KEERSMAEKER,BOUWBEDRIJF VMG - DE COCK NV,0.7720231729055258,0.8340463458110516,0.71
BOUWBEDRIJF PEETERS - DE KEERSMAEKER,BOUWBEDRIJF KEULEN HENRI NV,0.7334343434343434,0.8368686868686869,0.63
BOUWBEDRIJF PEETERS - DE KEERSMAEKER,BOUWBEDRIJF EMILE ROMBAUT NV,0.7377862838915471,0.8355725677830942,0.64
BOUWBEDRIJF PEETERS - DE KEERSMAEKER,Bouwbedrijf Vandersmissen NV,0.728049441786284,0.8460988835725679,0.61
BOUWBEDRIJF PEETERS - DE KEERSMAEKER,BOUWBEDRIJF WIENEN NV,0.8002020202020201,0.8404040404040404,0.76
BOUWBEDRIJF PEETERS - DE KEERSMAEKER,BOUWBEDRIJF JANSSEN NV,0.791445374800638,0.852890749601276,0.73
BOUWBEDRIJF PEETERS - DE KEERSMAEKER,BOUWBEDRIJF VERSLUYS NV,0.7834848484848485,0.856969696969697,0.71
BOUWBEDRIJF PEETERS - DE KEERSMAEKER,Bouwbedrijf Menbo NV,0.8126343264578559,0.8352686529157118,0.79
BOUWBEDRIJF PEETERS - DE KEERSMAEKER,BOUWBEDRIJF DETHIER NV,0.791445374800638,0.852890749601276,0.73
BOUWBEDRIJF PEETERS - DE KEERSMAEKER,BOUWBEDRIJF VAN POPPEL NV,0.8002020202020201,0.8404040404040404,0.76
MATHIEU GIJBELS,MATHIEU GIJBELS NV,1.0,1.0,1.0
LUC VULSTEKE INDUSTRIAL,IBS INDUSTRIAL NV,0.7420358868184955,0.654071773636991,0.83
WYCOR,WYCOR NV,1.0,1.0,1.0
WYCKAERT,ALGEMENE ONDERNEMINGEN ROBERT WYCKAERT NV,0.7423245614035088,0.48464912280701755,1.0
WYCKAERT,WYCOR NV,0.7283333333333333,0.8366666666666667,0.62
VAN DE WALLE INDUSTRIAL BUILDING CONTRACTOR,IBS INDUSTRIAL NV,0.7325111925111925,0.6350223850223851,0.83
VAN DE WALLE INDUSTRIAL BUILDING CONTRACTOR,VAN DE WALLE INDUSTRIAL BUILDING CONTRACTOR BV,0.9923076923076923,0.9846153846153847,1.0
Bouwbedrijf Floré,BOUWBEDRIJF WILLEMS & C° NV,0.8356372549019608,0.8612745098039215,0.81
Bouwbedrijf Floré,Bouwbedrijf Meekers NV,0.8498916408668731,0.8897832817337461,0.81
Bouwbedrijf Floré,Bouwbedrijf Floré NV,1.0,1.0,1.0
Bouwbedrijf Floré,BOUWBEDRIJF VMG - DE COCK NV,0.8405614973262032,0.8711229946524064,0.81
Bouwbedrijf Floré,BOUWBEDRIJF KEULEN HENRI NV,0.8456862745098039,0.8813725490196078,0.81
Bouwbedrijf Floré,ROMEL BOUWBEDRIJF NV,0.7747478991596639,0.7394957983193278,0.81
Bouwbedrijf Floré,BOUWBEDRIJF EMILE ROMBAUT NV,0.8465686274509805,0.8831372549019609,0.81
Bouwbedrijf Floré,Meersman Bouwbedrijf NV,0.7305279034690799,0.6510558069381598,0.81
Bouwbedrijf Floré,Bouwbedrijf Vandersmissen NV,0.8334705882352942,0.8569411764705883,0.81
Bouwbedrijf Floré,Bouwbedrijf J. Valckenborgh BV,0.8432352941176471,0.8764705882352941,0.81
Bouwbedrijf Floré,BOUWBEDRIJF WIENEN NV,0.8422549019607843,0.8745098039215686,0.81
Bouwbedrijf Floré,BOUWBEDRIJF JANSSEN NV,0.8387461300309598,0.8674922600619195,0.81
Bouwbedrijf Floré,BOUWBEDRIJF VERSLUYS NV,0.8502100840336135,0.8904201680672269,0.81
Bouwbedrijf Floré,Bouwbedrijf Menbo NV,0.8579411764705882,0.9058823529411765,0.81
Bouwbedrijf Floré,BOUWBEDRIJF DETHIER NV,0.8498916408668731,0.8897832817337461,0.81
Bouwbedrijf Floré,MEVACO - BOUWBEDRIJF NV,0.7305279034690799,0.6510558069381598,0.81
Bouwbedrijf Floré,BOUWBEDRIJF FURNIBO NV,0.8655159958720331,0.921031991744066,0.81
Bouwbedrijf Floré,BREBUILD ALGEMEEN BOUWBEDRIJF NV,0.6821221341201058,0.5542442682402114,0.81
Bouwbedrijf Floré,VAN KERCKHOVENS BOUWBEDRIJF BV,0.7272365869424693,0.6444731738849386,0.81
Bouwbedrijf Floré,BOUWBEDRIJF VAN POPPEL NV,0.8579878618113912,0.9059757236227824,0.81
DE PEUTER,DE PEUTER NV,1.0,1.0,1.0
DERO GROUP,DEMOCO NV,0.7,0.8,0.6
DERO GROUP,DEHOLI NV,0.7,0.8,0.6
DERO GROUP,DETRAC NV,0.7,0.8,0.6
DERO GROUP,DEGO BVBA,0.8083333333333333,0.8666666666666667,0.75
DERO GROUP,DERO CONSTRUCT NV,0.9285714285714286,0.8571428571428571,1.0
EDIBO,EDIBO NV,1.0,1.0,1.0
ALTEZ,ALTEZ NV,1.0,1.0,1.0
Himpe,Algemene Ondernemingen Himpe NV,0.6619047619047619,0.3238095238095238,1.0
BOUWONDERNEMING LAMERS,Bouwbedrijf Meekers NV,0.660892002734108,0.831784005468216,0.49
BOUWONDERNEMING LAMERS,DE BRUGSE ALGEMENE BOUWONDERNEMING NV,0.7232249439365188,0.6364498878730377,0.81
BOUWONDERNEMING LAMERS,BOUW- EN HOUTONDERNEMING VERSTRAETE NV,0.7530519480519481,0.8261038961038961,0.68
BOUWONDERNEMING LAMERS,Bouwonderneming Covemaeker NV,0.8678321678321679,0.9256643356643357,0.81
BOUWONDERNEMING LAMERS,VANDEBOS ALGEMENE BOUWONDERNEMING NV,0.7248653198653199,0.6397306397306398,0.81
BOUWONDERNEMING LAMERS,BOUWONDERNEMING DAMMAN NV,0.8736363636363637,0.9272727272727274,0.82
BOUWONDERNEMING LAMERS,Algemene Bouwonderneming Cogghe en Cie NV,0.7359011164274323,0.6618022328548644,0.81
BOUWONDERNEMING LAMERS,BOUWONDERNEMING LAMERS NV,1.0,1.0,1.0
BOUWONDERNEMING LAMERS,MERTENS BOUWONDERNEMING NV,0.7951317523056654,0.7002635046113307,0.89
BOUWONDERNEMING LAMERS,Bouwonderneming Haex NV,0.9018181818181819,0.9436363636363637,0.86
BOUWONDERNEMING LAMERS,BOUWONDERNEMING KIJK EN BOUW NV,0.842987012987013,0.875974025974026,0.81
BOUWONDERNEMING LAMERS,BOUWONDERNEMING CHRISTIAENS NV,0.859983164983165,0.9099663299663299,0.81
BOUWONDERNEMING LAMERS,ALGEMENE BOUWONDERNEMING DESPIERRE FILIP BV,0.7478470754052149,0.6856941508104298,0.81
BOUWONDERNEMING LAMERS,ALGEMENE BOUWONDERNEMING HERWEYERS NV,0.7702066887361005,0.730413377472201,0.81
BOUWONDERNEMING LAMERS,JOS DEJONGH BOUWONDERNEMING BV,0.7262715389185979,0.6425430778371956,0.81
BOUWONDERNEMING LAMERS,BOUWONDERNEMING ERIBO NV,0.8875324675324675,0.935064935064935,0.84
BOUWONDERNEMING LAMERS,BOUWONDERNEMING OOMS NV,0.9018181818181819,0.9436363636363637,0.86
BOUWONDERNEMING LAMERS,FRANSEN BOUWONDERNEMING NV,0.7551317523056653,0.7002635046113307,0.81
BOUWONDERNEMING LAMERS,BOUWONDERNEMING CATTEEU BV,0.8560489510489511,0.9020979020979021,0.81
Govaere  Bouw,Govaere Bouw NV,1.0,1.0,1.0
Govaere  Bouw,GOVAR - INDUSTRIEBOUW BV,0.6243181818181818,0.8386363636363636,0.41
AANNEMINGEN M. EN J. BRAET,AANNEMINGEN M. EN J. BRAET NV,1.0,1.0,1.0
ALGEMENE ONDERNEMING DRIESEN,ALGEMENE ONDERNEMINGEN ROBERT WYCKAERT NV,0.7520751879699248,0.8941503759398496,0.61
ALGEMENE ONDERNEMING DRIESEN,DECKX ALGEMENE ONDERNEMINGEN NV,0.800952380952381,0.781904761904762,0.82
ALGEMENE ONDERNEMING DRIESEN,Algemene Ondernemingen Himpe NV,0.8805714285714286,0.9411428571428572,0.82
ALGEMENE ONDERNEMING DRIESEN,Algemene Ondernemingen E.G. VERSTRAETE & VANHECKE NV,0.7293799058084772,0.8687598116169545,0.59
ALGEMENE ONDERNEMING DRIESEN,Algemene Bouwonderneming Cogghe en Cie NV,0.7560751879699248,0.9021503759398496,0.61
ALGEMENE ONDERNEMING DRIESEN,ALGEMENE ONDERNEMING DRIESEN NV,1.0,1.0,1.0
ALGEMENE ONDERNEMING DRIESEN,Algemene Bouwondernemingen Marcel Everaert-Cooreman NV,0.6853053221288515,0.8606106442577031,0.51
ALGEMENE ONDERNEMING DRIESEN,Algemene Ondernemingen August Van Cauter NV,0.8023870573870573,0.9147741147741147,0.69
ALGEMENE ONDERNEMING DRIESEN,ALGEMENE ONDERNEMINGEN HERMANS en Co NV,0.8135409035409036,0.9070818070818071,0.72
ALGEMENE ONDERNEMING DRIESEN,ALGEMENE BOUWONDERNEMING DESPIERRE FILIP BV,0.7318118616955827,0.9036237233911653,0.56
ALGEMENE ONDERNEMING DRIESEN,ALGEMENE BOUWONDERNEMING HERWEYERS NV,0.7798151260504201,0.9096302521008403,0.65
ALGEMENE ONDERNEMING DRIESEN,Algemene Ondernemingen Van Tornhaut BVBA,0.7948003072196621,0.909600614439324,0.68
ALGEMENE ONDERNEMING DRIESEN,ALGEMENE BOUW MAES NV,0.7306349206349206,0.8412698412698413,0.62
ENDES Engineering Services,REYNDERS NV,0.8225,0.875,0.77
BOUWONDERNEMING DAMMAN,DE BRUGSE ALGEMENE BOUWONDERNEMING NV,0.7372336265884654,0.6644672531769306,0.81
BOUWONDERNEMING DAMMAN,Bouwonderneming Covemaeker NV,0.8504933954933955,0.8909867909867909,0.81
BOUWONDERNEMING DAMMAN,VANDEBOS ALGEMENE BOUWONDERNEMING NV,0.6903535353535354,0.5707070707070707,0.81
BOUWONDERNEMING DAMMAN,BOUWONDERNEMING DAMMAN NV,1.0,1.0,1.0
BOUWONDERNEMING DAMMAN,Algemene Bouwonderneming Cogghe en Cie NV,0.7287639553429028,0.6475279106858055,0.81
BOUWONDERNEMING DAMMAN,BOUWONDERNEMING LAMERS NV,0.8736363636363637,0.9272727272727274,0.82
BOUWONDERNEMING DAMMAN,MERTENS BOUWONDERNEMING NV,0.7452115787026272,0.6804231574052545,0.81
BOUWONDERNEMING DAMMAN,Bouwonderneming Haex NV,0.8922727272727272,0.9245454545454544,0.86
BOUWONDERNEMING DAMMAN,BOUWONDERNEMING KIJK EN BOUW NV,0.842987012987013,0.875974025974026,0.81
BOUWONDERNEMING DAMMAN,BOUWONDERNEMING CHRISTIAENS NV,0.8534848484848485,0.896969696969697,0.81
BOUWONDERNEMING DAMMAN,ALGEMENE BOUWONDERNEMING DESPIERRE FILIP BV,0.7257011980267795,0.6414023960535589,0.81
BOUWONDERNEMING DAMMAN,ALGEMENE BOUWONDERNEMING HERWEYERS NV,0.722191523073876,0.6343830461477521,0.81
BOUWONDERNEMING DAMMAN,JOS DEJONGH BOUWONDERNEMING BV,0.7432154882154882,0.6764309764309765,0.81
BOUWONDERNEMING DAMMAN,BOUWONDERNEMING ERIBO NV,0.863917748917749,0.8978354978354979,0.83
BOUWONDERNEMING DAMMAN,BOUWONDERNEMING OOMS NV,0.8922727272727272,0.9245454545454544,0.86
BOUWONDERNEMING DAMMAN,FRANSEN BOUWONDERNEMING NV,0.7452115787026272,0.6804231574052545,0.81
BOUWONDERNEMING DAMMAN,BOUWONDERNEMING CATTEEU BV,0.8476573426573427,0.8853146853146854,0.81
JURI,JURI NV,1.0,1.0,1.0
International Building Organisation,International Building Organisation NV,1.0,1.0,1.0
MONUMENT GROUP,MONUMENT - VANDEKERCKHOVE NV,0.932,0.8640000000000001,1.0
MONUMENT GROUP,Monument Goedleven NV,0.9444444444444444,0.888888888888889,1.0
MONUMENT GROUP,MONUMENT HAINAUT SA,0.9421052631578948,0.8842105263157894,1.0
WILLY NAESSENS INDUSTRIEBOUW,WILLY NAESSENS INDUSTRIEBOUW NV,1.0,1.0,1.0
MEVACO - BOUWBEDRIJF,Bouwbedrijf Floré NV,0.7305279034690799,0.6510558069381598,0.81
MEVACO - BOUWBEDRIJF,ROMEL BOUWBEDRIJF NV,0.8276143790849673,0.8552287581699346,0.8
MEVACO - BOUWBEDRIJF,Meersman Bouwbedrijf NV,0.8194444444444445,0.848888888888889,0.79
MEVACO - BOUWBEDRIJF,Bouwbedrijf Menbo NV,0.7791596638655461,0.6983193277310923,0.86
MEVACO - BOUWBEDRIJF,MEVACO - BOUWBEDRIJF NV,1.0,1.0,1.0
BOUWONDERNEMING CHRISTIAENS,BOUW- EN HOUTONDERNEMING VERSTRAETE NV,0.7567690361168622,0.8235380722337244,0.69
BOUWONDERNEMING CHRISTIAENS,Bouwonderneming Covemaeker NV,0.810997150997151,0.891994301994302,0.73
BOUWONDERNEMING CHRISTIAENS,BOUWONDERNEMING DAMMAN NV,0.8534848484848485,0.896969696969697,0.81
BOUWONDERNEMING CHRISTIAENS,Bouwbedrijf Vandersmissen NV,0.6647914230019494,0.8295828460038986,0.5
BOUWONDERNEMING CHRISTIAENS,BOUWONDERNEMING LAMERS NV,0.859983164983165,0.9099663299663299,0.81
BOUWONDERNEMING CHRISTIAENS,MERTENS BOUWONDERNEMING NV,0.7626844082831878,0.6853688165663757,0.84
BOUWONDERNEMING CHRISTIAENS,Bouwonderneming Haex NV,0.8953703703703704,0.9307407407407408,0.86
BOUWONDERNEMING CHRISTIAENS,BOUWONDERNEMING KIJK EN BOUW NV,0.7932275132275132,0.8764550264550264,0.71
BOUWONDERNEMING CHRISTIAENS,BOUWONDERNEMING CHRISTIAENS NV,1.0,1.0,1.0
BOUWONDERNEMING CHRISTIAENS,BOUWONDERNEMING ERIBO NV,0.870583402951824,0.911166805903648,0.83
BOUWONDERNEMING CHRISTIAENS,BOUWONDERNEMING OOMS NV,0.877962962962963,0.8959259259259259,0.86
BOUWONDERNEMING CHRISTIAENS,FRANSEN BOUWONDERNEMING NV,0.7426844082831878,0.6853688165663757,0.8
BOUWONDERNEMING CHRISTIAENS,BOUWONDERNEMING CATTEEU BV,0.810997150997151,0.891994301994302,0.73
BOUWBEDRIJF VMG - DE COCK,BOUWBEDRIJF WILLEMS & C° NV,0.8043939393939394,0.8787878787878788,0.73
BOUWBEDRIJF VMG - DE COCK,Bouwbedrijf Meekers NV,0.8023205741626794,0.8746411483253589,0.73
BOUWBEDRIJF VMG - DE COCK,Bouwbedrijf Floré NV,0.8405614973262032,0.8711229946524064,0.81
BOUWBEDRIJF VMG - DE COCK,BOUWBEDRIJF VMG - DE COCK NV,1.0,1.0,1.0
BOUWBEDRIJF VMG - DE COCK,BOUWBEDRIJF KEULEN HENRI NV,0.7698268398268399,0.8296536796536798,0.71
BOUWBEDRIJF VMG - DE COCK,BOUWBEDRIJF EMILE ROMBAUT NV,0.7831818181818182,0.8563636363636364,0.71
BOUWBEDRIJF VMG - DE COCK,Bouwbedrijf Vandersmissen NV,0.7746363636363636,0.8392727272727273,0.71
BOUWBEDRIJF VMG - DE COCK,Bouwbedrijf J. Valckenborgh BV,0.7889074960127591,0.8678149920255184,0.71
BOUWBEDRIJF VMG - DE COCK,BOUWBEDRIJF WIENEN NV,0.8012121212121213,0.8424242424242424,0.76
BOUWBEDRIJF VMG - DE COCK,BOUWBEDRIJF JANSSEN NV,0.7827033492822966,0.8354066985645933,0.73
BOUWBEDRIJF VMG - DE COCK,BOUWBEDRIJF VERSLUYS NV,0.7790909090909091,0.8481818181818183,0.71
BOUWBEDRIJF VMG - DE COCK,Bouwbedrijf Menbo NV,0.8409893048128343,0.8919786096256684,0.79
BOUWBEDRIJF VMG - DE COCK,BOUWBEDRIJF DETHIER NV,0.7827033492822966,0.8354066985645933,0.73
BOUWBEDRIJF VMG - DE COCK,BOUWBEDRIJF FURNIBO NV,0.7925119617224881,0.855023923444976,0.73
BOUWBEDRIJF VMG - DE COCK,BOUWBEDRIJF VAN POPPEL NV,0.8113131313131313,0.8626262626262626,0.76
Van Huele Gebroeders,VAN HUELE NV,0.93125,0.8625,1.0
THYS BOUWPROJECTEN,THYS BOUWPROJECTEN NV,1.0,1.0,1.0
PELLIKAAN REAL ESTATE,PELLIKAAN HOLDING BELGIE NV,0.7278571428571429,0.8357142857142857,0.62
BEDDELEEM GROEP,Beddeleem NV,1.0,1.0,1.0
Bekaert Building Company,Bekaert Building Company NV,1.0,1.0,1.0
BPC Group,BPC Group SA,0.9416666666666667,0.8833333333333334,1.0
Groep Huyzentruyt,BOUW PAUL HUYZENTRUYT NV,0.7590187590187589,0.518037518037518,1.0
Grammyco,Gravo NV,0.7283333333333333,0.8366666666666667,0.62
SIX,SIX BV,0.9416666666666667,0.8833333333333334,1.0
Aremis Group,Artem NV,0.7938888888888889,0.8577777777777779,0.73
BOUWONDERNEMING KIJK EN BOUW,Bouwonderneming Covemaeker NV,0.800670908039329,0.8713418160786581,0.73
BOUWONDERNEMING KIJK EN BOUW,BOUWONDERNEMING DAMMAN NV,0.842987012987013,0.875974025974026,0.81
BOUWONDERNEMING KIJK EN BOUW,BOUWONDERNEMING LAMERS NV,0.842987012987013,0.875974025974026,0.81
BOUWONDERNEMING KIJK EN BOUW,BOUWBEDRIJF WIENEN NV,0.6252380952380953,0.8204761904761906,0.43
BOUWONDERNEMING KIJK EN BOUW,Bouwonderneming Haex NV,0.8757142857142857,0.8914285714285715,0.86
BOUWONDERNEMING KIJK EN BOUW,BOUWONDERNEMING KIJK EN BOUW NV,1.0,1.0,1.0
BOUWONDERNEMING KIJK EN BOUW,BOUWONDERNEMING CHRISTIAENS NV,0.7932275132275132,0.8764550264550264,0.71
BOUWONDERNEMING KIJK EN BOUW,BOUWONDERNEMING ERIBO NV,0.8766666666666666,0.9233333333333332,0.83
BOUWONDERNEMING KIJK EN BOUW,BOUWONDERNEMING OOMS NV,0.8757142857142857,0.8914285714285715,0.86
BOUWONDERNEMING KIJK EN BOUW,BOUWONDERNEMING CATTEEU BV,0.8033516483516483,0.8767032967032967,0.73
Bouwonderneming Covemaeker,BOUW- EN HOUTONDERNEMING VERSTRAETE NV,0.7693932154801719,0.838786430960344,0.7
Bouwonderneming Covemaeker,Bouwonderneming Covemaeker NV,1.0,1.0,1.0
Bouwonderneming Covemaeker,BOUWONDERNEMING DAMMAN NV,0.8504933954933955,0.8909867909867909,0.81
Bouwonderneming Covemaeker,BOUWONDERNEMING LAMERS NV,0.8678321678321679,0.9256643356643357,0.81
Bouwonderneming Covemaeker,Bouwonderneming Haex NV,0.8836752136752137,0.9073504273504274,0.86
Bouwonderneming Covemaeker,BOUWONDERNEMING KIJK EN BOUW NV,0.800670908039329,0.8713418160786581,0.73
Bouwonderneming Covemaeker,BOUWONDERNEMING CHRISTIAENS NV,0.810997150997151,0.891994301994302,0.73
Bouwonderneming Covemaeker,BOUWONDERNEMING ERIBO NV,0.8732899556583766,0.9165799113167534,0.83
Bouwonderneming Covemaeker,BOUWONDERNEMING OOMS NV,0.8892307692307693,0.9184615384615384,0.86
Bouwonderneming Covemaeker,BOUWONDERNEMING CATTEEU BV,0.8217765567765567,0.9135531135531135,0.73
RENOTEC,RENOTEC NV,1.0,1.0,1.0
Ageres Construct Solutions,HEMAR CONSTRUCT NV,0.7930662393162393,0.8161324786324786,0.77
Ageres Construct Solutions,DERO CONSTRUCT NV,0.8206349206349206,0.8412698412698413,0.8
Ageres Construct Solutions,HERO CONSTRUCT NV,0.8206349206349206,0.8412698412698413,0.8
Ageres Construct Solutions,Ageres NV,0.9375,0.875,1.0
Algemene Bouwwerken Sadones,ALGEMENE ONDERNEMINGEN ROBERT WYCKAERT NV,0.6839723705398764,0.8479447410797526,0.52
Algemene Bouwwerken Sadones,Algemene Ondernemingen Himpe NV,0.6692857142857143,0.8285714285714286,0.51
Algemene Bouwwerken Sadones,Verplancke Algemene Bouwwerken NV,0.7717096081588836,0.7134192163177672,0.83
Algemene Bouwwerken Sadones,Algemene Bouw Deblaere BV,0.7540740740740741,0.8881481481481481,0.62
Algemene Bouwwerken Sadones,Algemene Bouwonderneming Cogghe en Cie NV,0.6811944001417687,0.8423888002835372,0.52
Algemene Bouwwerken Sadones,ALGEMENE ONDERNEMING DRIESEN NV,0.7071748816485659,0.8343497632971317,0.58
Algemene Bouwwerken Sadones,Algemene Ondernemingen August Van Cauter NV,0.6423015873015873,0.8246031746031746,0.46
Algemene Bouwwerken Sadones,ALGEMENE ONDERNEMINGEN HERMANS en Co NV,0.6823015873015873,0.8246031746031746,0.54
Algemene Bouwwerken Sadones,ALGEMENE BOUW- EN BETONWERKEN VANEENOO NV,0.7653801169590644,0.8707602339181286,0.66
Algemene Bouwwerken Sadones,ALGEMENE BOUWONDERNEMING DESPIERRE FILIP BV,0.6719344268434259,0.8338688536868517,0.51
Algemene Bouwwerken Sadones,ALGEMENE BOUWONDERNEMING HERWEYERS NV,0.7186437908496732,0.8772875816993464,0.56
Algemene Bouwwerken Sadones,Algemene Ondernemingen Van Tornhaut BVBA,0.6935902031063321,0.8371804062126642,0.55
Algemene Bouwwerken Sadones,ALGEMENE BOUW MAES NV,0.8256427015250545,0.891285403050109,0.76
DETOO ARCHITECTS,DETRAC NV,0.5426388888888889,0.8152777777777778,0.27
Algemene Bouwondernemingen Marcel Everaert-Coorema,ALGEMENE ONDERNEMINGEN ROBERT WYCKAERT NV,0.7706766917293233,0.8613533834586466,0.68
Algemene Bouwondernemingen Marcel Everaert-Coorema,Algemene Ondernemingen Himpe NV,0.7192857142857143,0.8785714285714286,0.56
Algemene Bouwondernemingen Marcel Everaert-Coorema,Algemene Ondernemingen E.G. VERSTRAETE & VANHECKE NV,0.7738027210884354,0.8576054421768708,0.69
Algemene Bouwondernemingen Marcel Everaert-Coorema,Algemene Bouw Deblaere BV,0.6756086956521739,0.8412173913043478,0.51
Algemene Bouwondernemingen Marcel Everaert-Coorema,Algemene Bouwonderneming Cogghe en Cie NV,0.7907208931419458,0.8814417862838916,0.7
Algemene Bouwondernemingen Marcel Everaert-Coorema,ALGEMENE ONDERNEMING DRIESEN NV,0.6862857142857143,0.8625714285714285,0.51
Algemene Bouwondernemingen Marcel Everaert-Coorema,Algemene Bouwondernemingen Marcel Everaert-Cooreman NV,0.9930392156862745,0.996078431372549,0.99
Algemene Bouwondernemingen Marcel Everaert-Coorema,Algemene Ondernemingen August Van Cauter NV,0.680853046594982,0.8317060931899641,0.53
Algemene Bouwondernemingen Marcel Everaert-Coorema,ALGEMENE ONDERNEMINGEN HERMANS en Co NV,0.680853046594982,0.8317060931899641,0.53
Algemene Bouwondernemingen Marcel Everaert-Coorema,ALGEMENE BOUW- EN BETONWERKEN VANEENOO NV,0.6282105263157894,0.846421052631579,0.41
Algemene Bouwondernemingen Marcel Everaert-Coorema,ALGEMENE BOUWONDERNEMING DESPIERRE FILIP BV,0.7406229739252995,0.861245947850599,0.62
Algemene Bouwondernemingen Marcel Everaert-Coorema,ALGEMENE BOUWONDERNEMING HERWEYERS NV,0.7899019607843137,0.8898039215686275,0.69
Algemene Bouwondernemingen Marcel Everaert-Coorema,Algemene Ondernemingen Van Tornhaut BVBA,0.7491797235023041,0.8283594470046083,0.67
Algemene Bouwondernemingen Marcel Everaert-Coorema,ALGEMENE BOUW MAES NV,0.732562091503268,0.845124183006536,0.62
THOMAS & PIRON HOLDING,THOMAS ET PIRON HOME SA,0.8172924901185771,0.8845849802371542,0.75
THOMAS & PIRON HOLDING,Thomas & Piron RENOVATION SA,0.8155483405483406,0.881096681096681,0.75
THOMAS & PIRON HOLDING,Thomas & Piron Bâtiments SA,0.8152356902356902,0.8804713804713804,0.75
BOUW- EN HOUTONDERNEMING VERSTRAETE,BOUW- EN HOUTONDERNEMING VERSTRAETE NV,1.0,1.0,1.0
BOUW- EN HOUTONDERNEMING VERSTRAETE,Bouwonderneming Covemaeker NV,0.7693932154801719,0.838786430960344,0.7
BOUW- EN HOUTONDERNEMING VERSTRAETE,BOUWONDERNEMING LAMERS NV,0.7530519480519481,0.8261038961038961,0.68
BOUW- EN HOUTONDERNEMING VERSTRAETE,BOUW- EN CONSTRUCTIEWERKEN SWINNEN BV,0.6287867537867537,0.8275735075735076,0.43
BOUW- EN HOUTONDERNEMING VERSTRAETE,Bouwonderneming Haex NV,0.7527067669172933,0.8354135338345865,0.67
BOUW- EN HOUTONDERNEMING VERSTRAETE,BOUWONDERNEMING CHRISTIAENS NV,0.7567690361168622,0.8235380722337244,0.69
BOUW- EN HOUTONDERNEMING VERSTRAETE,BOUWONDERNEMING ERIBO NV,0.7381829573934837,0.8263659147869674,0.65
BOUW- EN HOUTONDERNEMING VERSTRAETE,BOUWONDERNEMING OOMS NV,0.7286507936507937,0.8273015873015873,0.63
BOUW- EN HOUTONDERNEMING VERSTRAETE,BOUWONDERNEMING CATTEEU BV,0.7542124542124542,0.8384249084249085,0.67
Persyn,Persyn NV,1.0,1.0,1.0
Persyn,PEREMANS NV,0.6877777777777778,0.8055555555555556,0.57
PLUMCO,PLUYM - VAN LOON BV,0.6127777777777778,0.8055555555555556,0.42
ENTREPRISES GENERALES DHERTE,Entreprises Gilles Moury SA,0.7124380395433026,0.8448760790866053,0.58
ENTREPRISES GENERALES DHERTE,Entreprises Cop et Portier SA,0.7053940886699508,0.8507881773399015,0.56
ENTREPRISES GENERALES DHERTE,ENTREPRISES GENERALES DHERTE SA,0.9903225806451613,0.9806451612903226,1.0
ENTREPRISES GENERALES DHERTE,Entreprises générales Louis DUCHENE SA,0.8030388471177945,0.856077694235589,0.75
ENTREPRISES GENERALES DHERTE,Entreprises  Favier SA,0.7749019607843137,0.8598039215686274,0.69
ENTREPRISES GENERALES DHERTE,Entreprises Bajart SA,0.7749019607843137,0.8598039215686274,0.69
ENTREPRISES GENERALES DHERTE,Entreprises André HOUYOUX SA,0.7099248120300752,0.8398496240601504,0.58
ENTREPRISES GENERALES DHERTE,S.A. JEAN CONVENTS A.G. - ENTREPRISES GENERALES - ALLGEMEINE BAUUNTERNEHMUNG SA,0.7248854731766124,0.5897709463532249,0.86
ENTREPRISES GENERALES DHERTE,Entreprises HOMEL Frères SRL,0.7178571428571427,0.8557142857142856,0.58
ENTREPRISES GENERALES DHERTE,Entreprises Koeckelberg SA,0.7364835164835164,0.8829670329670329,0.59
ENTREPRISES GENERALES DHERTE,Entreprise Générale Gustave et Yves LIEGEOIS SA,0.6634772036474164,0.8369544072948328,0.49
ENTREPRISES GENERALES DHERTE,DE GRAEVE ENTREPRISES GENERALES SA,0.8065514592933948,0.7531029185867896,0.86
ENTREPRISES GENERALES DHERTE,Entreprises Jacques Delens SA,0.7633661740558293,0.8567323481116585,0.67
ENTREPRISES GENERALES DHERTE,ENTREPRISES REUNIES R. DE COCK SA,0.6980952380952381,0.8361904761904763,0.56
ENTREPRISES GENERALES DHERTE,Entreprises GRANDJEAN SA,0.7647619047619048,0.8795238095238095,0.65
ENTREPRISES GENERALES DHERTE,Entreprise Georges COLLARD SA,0.7512516793551276,0.8725033587102553,0.63
ENTREPRISES GENERALES DHERTE,Entreprises M.I.G.N.O.N.E. SA,0.7302435686918445,0.8304871373836891,0.63
ENTREPRISES GENERALES DHERTE,ENTREPRISE MARC TAVIET SPRL,0.6521748816485659,0.8343497632971317,0.47
PEREMANS,Persyn NV,0.6877777777777778,0.8055555555555556,0.57
PEREMANS,PEREMANS NV,1.0,1.0,1.0
INGENIEUR-ARCHITECTEN T'JONCK - NILIS,INGENIERIE ET CONSTRUCTION MASSET SA,0.6367232617232618,0.8234465234465235,0.45
Algemene Ondernemingen Soetaert,ALGEMENE ONDERNEMINGEN ROBERT WYCKAERT NV,0.9007215619694398,0.9314431239388795,0.87
Algemene Ondernemingen Soetaert,DECKX ALGEMENE ONDERNEMINGEN NV,0.7952227342549922,0.7104454685099846,0.88
Algemene Ondernemingen Soetaert,Algemene Ondernemingen Himpe NV,0.9031336405529954,0.9262672811059908,0.88
Algemene Ondernemingen Soetaert,Algemene Ondernemingen E.G. VERSTRAETE & VANHECKE NV,0.8663320166776388,0.9026640333552777,0.83
Algemene Ondernemingen Soetaert,Algemene Bouwonderneming Cogghe en Cie NV,0.7453689434504376,0.850737886900875,0.64
Algemene Ondernemingen Soetaert,ALGEMENE ONDERNEMING DRIESEN NV,0.8090358029067706,0.9380716058135412,0.68
Algemene Ondernemingen Soetaert,Algemene Bouwondernemingen Marcel Everaert-Cooreman NV,0.7743766494361928,0.8387532988723855,0.71
Algemene Ondernemingen Soetaert,Algemene Ondernemingen August Van Cauter NV,0.8872073909281918,0.9344147818563836,0.84
Algemene Ondernemingen Soetaert,ALGEMENE ONDERNEMINGEN HERMANS en Co NV,0.8822073909281918,0.9344147818563836,0.83
Algemene Ondernemingen Soetaert,ALGEMENE BOUW- EN BETONWERKEN VANEENOO NV,0.7105772495755518,0.8311544991511035,0.59
Algemene Ondernemingen Soetaert,ALGEMENE BOUWONDERNEMING DESPIERRE FILIP BV,0.7489615459420411,0.8479230918840821,0.65
Algemene Ondernemingen Soetaert,ALGEMENE BOUWONDERNEMING HERWEYERS NV,0.7955826129735047,0.8811652259470095,0.71
Algemene Ondernemingen Soetaert,Algemene Ondernemingen Van Tornhaut BVBA,0.8885023041474654,0.9470046082949309,0.83
Algemene Ondernemingen Soetaert,ALGEMENE BOUW MAES NV,0.7283870967741936,0.8367741935483871,0.62
GROUP D. ENGINEERING,Société d'Applications et de Travaux SA,0.7546296296296295,0.5092592592592592,1.0
GROUP D. ENGINEERING,D.S.V. NV,0.9111111111111111,0.8222222222222222,1.0
GROUP D. ENGINEERING,SOTRELCO - ENTREPRISE GENERALE D'ELECTRICITE SA,0.5,0.0,1.0
GROUP D. ENGINEERING,D.S. Daniel STOFFELS SPRL,0.8466666666666667,0.6933333333333334,1.0
GROUP D. ENGINEERING,C.B.D. SA,0.7685185185185186,0.5370370370370371,1.0
GROUP D. ENGINEERING,SOCIETE D'ETUDES ET DE REALISATION DE BATIMENTS INDUSTRIELS SA,0.7529761904761905,0.5059523809523809,1.0
DE BRANDT,DE BRANDT NV,1.0,1.0,1.0
Coussée Bouw,Coussée Bouw NV,1.0,1.0,1.0
SSM DUCHENE - EIFFAGE RAIL (MÉTRO DE CHARLEROI),AB-Eiffage NV,0.7237205387205387,0.6274410774410774,0.82
2XM PROJECTS,Jansen Building Projects NV,0.6083333333333334,0.4166666666666667,0.8
BOUWBEDRIJF JANSSEN,BOUWBEDRIJF WILLEMS & C° NV,0.789874686716792,0.8497493734335839,0.73
BOUWBEDRIJF JANSSEN,Bouwbedrijf Meekers NV,0.8052255639097744,0.8804511278195488,0.73
BOUWBEDRIJF JANSSEN,Bouwbedrijf Floré NV,0.8387461300309598,0.8674922600619195,0.81
BOUWBEDRIJF JANSSEN,BOUWBEDRIJF VMG - DE COCK NV,0.7827033492822966,0.8354066985645933,0.73
BOUWBEDRIJF JANSSEN,BOUWBEDRIJF KEULEN HENRI NV,0.799780701754386,0.869561403508772,0.73
BOUWBEDRIJF JANSSEN,BOUWBEDRIJF EMILE ROMBAUT NV,0.7875413533834587,0.8450827067669173,0.73
BOUWBEDRIJF JANSSEN,Bouwbedrijf Vandersmissen NV,0.8711812865497076,0.9223625730994153,0.82
BOUWBEDRIJF JANSSEN,Bouwbedrijf J. Valckenborgh BV,0.7962938596491228,0.8625877192982456,0.73
BOUWBEDRIJF JANSSEN,BOUWBEDRIJF WIENEN NV,0.8356140350877193,0.9112280701754386,0.76
BOUWBEDRIJF JANSSEN,BOUWBEDRIJF JANSSEN NV,1.0,1.0,1.0
BOUWBEDRIJF JANSSEN,BOUWBEDRIJF VERSLUYS NV,0.812280701754386,0.894561403508772,0.73
BOUWBEDRIJF JANSSEN,Bouwbedrijf Menbo NV,0.8438942945599293,0.8977885891198584,0.79
BOUWBEDRIJF JANSSEN,BOUWBEDRIJF DETHIER NV,0.8018421052631579,0.8736842105263157,0.73
BOUWBEDRIJF JANSSEN,BOUWBEDRIJF FURNIBO NV,0.8018421052631579,0.8736842105263157,0.73
BOUWBEDRIJF JANSSEN,Bouw Francis Bostoen NV,0.6322807017543859,0.8545614035087719,0.41
BOUWBEDRIJF JANSSEN,BOUWBEDRIJF VAN POPPEL NV,0.8206432748538012,0.8812865497076023,0.76
BOUWBEDRIJF JANSSEN,BOUWWERKEN DE RAEDT IVAN NV,0.5649411991517255,0.8298823983034509,0.3
Etablissements Ranwez,Etablissements Jean Wust SA,0.8503202450570873,0.9006404901141744,0.8
Etablissements Ranwez,Etablissements Edgard RAMAEKERS SRL,0.8315873015873017,0.8631746031746032,0.8
Etablissements Ranwez,ETABLISSEMENTS MALICE SA,0.8517857142857144,0.9035714285714286,0.8
JANSEN THE BUILDING COMPANY,Jan De Nul NV,0.5371739130434783,0.8043478260869565,0.27
JANSEN THE BUILDING COMPANY,Bekaert Building Company NV,0.7761168319349097,0.7322336638698195,0.82
JANSEN THE BUILDING COMPANY,Jansen Building Projects NV,0.8515122044241037,0.9130244088482075,0.79
"Vanhout, Kathy",VANHOUT NV,0.95,0.9,1.0
"Vanhout, Kathy",vanhout.pro NV,0.8036363636363637,0.8272727272727273,0.78
FLUVIUS,FLUENTIS NV,0.7579166666666667,0.8458333333333333,0.67
Van Roey Vastgoed,Van Roey NV,0.9307692307692308,0.8615384615384615,1.0
BEMA CONSTRUCT BV,HEMAR CONSTRUCT NV,0.8051005530417294,0.800201106083459,0.81
BEMA CONSTRUCT BV,BEEUWSAERT CONSTRUCT BV,0.8249104859335037,0.8198209718670075,0.83
BEMA CONSTRUCT BV,Vandezande Construct BV,0.8040878090366581,0.7781756180733163,0.83
Stad Antwerpen - Stadsontwikkeling,STADSBADER NV,0.6033333333333333,0.8266666666666667,0.38
STRABAG BRVZ BVBA,STRABAG BELGIUM NV,0.9583333333333334,0.9166666666666667,1.0
unie van het kmo-bouwbedrijf,Bouwbedrijf Floré NV,0.7305279034690799,0.6510558069381598,0.81
unie van het kmo-bouwbedrijf,ROMEL BOUWBEDRIJF NV,0.8003921568627452,0.8107843137254903,0.79
unie van het kmo-bouwbedrijf,MEVACO - BOUWBEDRIJF NV,0.7925,0.8250000000000001,0.76
Grammyco,Gravo NV,0.7283333333333333,0.8366666666666667,0.62
De Mot Services,MORTI NV,0.8216666666666667,0.8933333333333333,0.75
"Denie, Geoffrey",DEGO BVBA,0.6222222222222222,0.8044444444444444,0.44
Artes TWT,Artes Depret NV,0.7911111111111111,0.8722222222222222,0.71
Artes TWT,Artes TWT SA,0.975,0.95,1.0
Artes TWT,Artem NV,0.7094444444444444,0.8488888888888889,0.57
Artes Depret,Artes Depret NV,1.0,1.0,1.0
Artes Depret,Artes Roegiers NV,0.7381746031746033,0.8563492063492064,0.62
Artes Depret,Artes TWT SA,0.7116666666666667,0.8333333333333334,0.59
Artes Depret,Artem NV,0.6483333333333333,0.8266666666666667,0.47
Artes Roegiers,Artes Depret NV,0.7381746031746033,0.8563492063492064,0.62
Artes Roegiers,Artes Roegiers NV,1.0,1.0,1.0
Artes Woudenberg,Artes Depret NV,0.7558333333333334,0.8716666666666667,0.64
Artes Woudenberg,Artes Roegiers NV,0.7732305194805196,0.876461038961039,0.67
SOCIÉTÉ NATIONALE DES CHEMINS DE FER BELGES,Société d'Applications et de Travaux SA,0.6069444444444445,0.8238888888888889,0.39
MAISONS BLAVIER,MAISONS BLAVIER SA,0.9833333333333334,0.9666666666666667,1.0
COMPAGNIE BELGE DE BATIMENT,COMPAGNIE BELGE DE BATIMENT SA,0.9888888888888889,0.9777777777777777,1.0
Algemene Bouw Deblaere,ALGEMENE ONDERNEMINGEN ROBERT WYCKAERT NV,0.680311004784689,0.8306220095693779,0.53
Algemene Bouw Deblaere,Algemene Ondernemingen Himpe NV,0.6973701298701299,0.8347402597402598,0.56
Algemene Bouw Deblaere,Algemene Bouw Deblaere BV,0.988,0.976,1.0
Algemene Bouw Deblaere,Algemene Bouwonderneming Cogghe en Cie NV,0.7108373205741627,0.8516746411483254,0.57
Algemene Bouw Deblaere,ALGEMENE ONDERNEMING DRIESEN NV,0.6823701298701299,0.8347402597402598,0.53
Algemene Bouw Deblaere,Algemene Bouwondernemingen Marcel Everaert-Cooreman NV,0.6825833969951617,0.8351667939903233,0.53
Algemene Bouw Deblaere,Algemene Ondernemingen August Van Cauter NV,0.6801515151515152,0.8303030303030303,0.53
Algemene Bouw Deblaere,ALGEMENE BOUW- EN BETONWERKEN VANEENOO NV,0.8085406698564593,0.8770813397129187,0.74
Algemene Bouw Deblaere,ALGEMENE BOUWONDERNEMING DESPIERRE FILIP BV,0.7124207188160676,0.8448414376321354,0.58
Algemene Bouw Deblaere,ALGEMENE BOUWONDERNEMING HERWEYERS NV,0.7517196735153391,0.8634393470306783,0.64
Algemene Bouw Deblaere,Algemene Ondernemingen Van Tornhaut BVBA,0.6794643781266172,0.8289287562532344,0.53
Algemene Bouw Deblaere,ALGEMENE BOUW MAES NV,0.8753661616161615,0.9107323232323231,0.84
DECKX ALGEMENE ONDERNEMINGEN,ALGEMENE ONDERNEMINGEN ROBERT WYCKAERT NV,0.771453634085213,0.662907268170426,0.88
DECKX ALGEMENE ONDERNEMINGEN,DECKX ALGEMENE ONDERNEMINGEN NV,1.0,1.0,1.0
DECKX ALGEMENE ONDERNEMINGEN,Algemene Ondernemingen Himpe NV,0.809047619047619,0.7380952380952381,0.88
DECKX ALGEMENE ONDERNEMINGEN,Algemene Ondernemingen E.G. VERSTRAETE & VANHECKE NV,0.7478231292517007,0.6156462585034014,0.88
DECKX ALGEMENE ONDERNEMINGEN,DE BRUGSE ALGEMENE BOUWONDERNEMING NV,0.7557471023600055,0.8014942047200112,0.71
DECKX ALGEMENE ONDERNEMINGEN,ALGEMENE ONDERNEMING DRIESEN NV,0.800952380952381,0.781904761904762,0.82
DECKX ALGEMENE ONDERNEMINGEN,Algemene Ondernemingen August Van Cauter NV,0.7773015873015873,0.6746031746031745,0.88
DECKX ALGEMENE ONDERNEMINGEN,ALGEMENE ONDERNEMINGEN HERMANS en Co NV,0.7773015873015873,0.6746031746031745,0.88
DECKX ALGEMENE ONDERNEMINGEN,Algemene Ondernemingen Van Tornhaut BVBA,0.7875171976223869,0.695034395244774,0.88
DEHOLI,DEHOLI NV,1.0,1.0,1.0
DEHOLI,DEGO BVBA,0.7,0.8,0.6
Entreprises générales Louis Duchene,Entreprises Gilles Moury SA,0.7870211640211641,0.9040423280423281,0.67
Entreprises générales Louis Duchene,Entreprises Cop et Portier SA,0.6883661740558292,0.8267323481116584,0.55
Entreprises générales Louis Duchene,ENTREPRISES GENERALES DHERTE SA,0.8100797589507267,0.8701595179014534,0.75
Entreprises générales Louis Duchene,Entreprises générales Louis DUCHENE SA,0.9921052631578948,0.9842105263157895,1.0
Entreprises générales Louis Duchene,Entreprises  Favier SA,0.771031746031746,0.8520634920634921,0.69
Entreprises générales Louis Duchene,Entreprises André HOUYOUX SA,0.723452380952381,0.8669047619047618,0.58
Entreprises générales Louis Duchene,Entreprises HOMEL Frères SRL,0.7187012987012986,0.8374025974025974,0.6
Entreprises générales Louis Duchene,Entreprises Koeckelberg SA,0.7274366937410415,0.8648733874820831,0.59
Entreprises générales Louis Duchene,Entreprise Générale Gustave et Yves LIEGEOIS SA,0.6712107396149949,0.8324214792299899,0.51
Entreprises générales Louis Duchene,Entreprises Jacques Delens SA,0.7776354679802955,0.875270935960591,0.68
Entreprises générales Louis Duchene,ENTREPRISES REUNIES R. DE COCK SA,0.7207619047619047,0.8615238095238096,0.58
Entreprises générales Louis Duchene,Entreprises GRANDJEAN SA,0.743452380952381,0.856904761904762,0.63
Entreprises générales Louis Duchene,Entreprise Georges COLLARD SA,0.7386354679802956,0.867270935960591,0.61
Entreprises générales Louis Duchene,Entreprise Générale de Construction COLLIGNON Pierre SA,0.6841545551222972,0.8383091102445942,0.53
Entreprises générales Louis Duchene,Entreprises M.I.G.N.O.N.E. SA,0.7083661740558291,0.8267323481116584,0.59
Entreprises générales Louis Duchene,ENTREPRISE MARC TAVIET SPRL,0.6462169312169312,0.8224338624338625,0.47
BOUWBEDRIJF EMILE ROMBAUT,BOUWBEDRIJF WILLEMS & C° NV,0.7720686274509804,0.8541372549019608,0.69
BOUWBEDRIJF EMILE ROMBAUT,Bouwbedrijf Meekers NV,0.8069605263157895,0.8839210526315789,0.73
BOUWBEDRIJF EMILE ROMBAUT,Bouwbedrijf Floré NV,0.8465686274509805,0.8831372549019609,0.81
BOUWBEDRIJF EMILE ROMBAUT,BOUWBEDRIJF VMG - DE COCK NV,0.7831818181818182,0.8563636363636364,0.71
BOUWBEDRIJF EMILE ROMBAUT,BOUWBEDRIJF KEULEN HENRI NV,0.7749035087719298,0.8998070175438596,0.65
BOUWBEDRIJF EMILE ROMBAUT,BOUWBEDRIJF EMILE ROMBAUT NV,1.0,1.0,1.0
BOUWBEDRIJF EMILE ROMBAUT,Bouwbedrijf Vandersmissen NV,0.7473333333333334,0.8546666666666667,0.64
BOUWBEDRIJF EMILE ROMBAUT,Bouwbedrijf J. Valckenborgh BV,0.7285438596491228,0.8470877192982457,0.61
BOUWBEDRIJF EMILE ROMBAUT,BOUWBEDRIJF WIENEN NV,0.8166666666666667,0.8733333333333333,0.76
BOUWBEDRIJF EMILE ROMBAUT,BOUWBEDRIJF JANSSEN NV,0.7875413533834587,0.8450827067669173,0.73
BOUWBEDRIJF EMILE ROMBAUT,BOUWBEDRIJF VERSLUYS NV,0.79275,0.8755,0.71
BOUWBEDRIJF EMILE ROMBAUT,Bouwbedrijf Menbo NV,0.8406176470588236,0.891235294117647,0.79
BOUWBEDRIJF EMILE ROMBAUT,BOUWBEDRIJF DETHIER NV,0.8107089783281733,0.8914179566563467,0.73
BOUWBEDRIJF EMILE ROMBAUT,BOUWBEDRIJF FURNIBO NV,0.8165913312693498,0.9031826625386997,0.73
BOUWBEDRIJF EMILE ROMBAUT,BOUWBEDRIJF VAN POPPEL NV,0.8166666666666667,0.8733333333333333,0.76
Galère,Galère SRL,0.96,0.92,1.0
Artem,Artes Depret NV,0.6483333333333333,0.8266666666666667,0.47
Artem,Artes TWT SA,0.6483333333333333,0.8266666666666667,0.47
Artem,Artem NV,1.0,1.0,1.0
Jansen Building Projects,Jan De Nul NV,0.5306944444444445,0.8013888888888889,0.26
Jansen Building Projects,Jansen Building Projects NV,1.0,1.0,1.0
Jansen Energy Solutions,Jansen Building Projects NV,0.7363578088578089,0.8427156177156176,0.63
Macors,Macors SPRL,0.9545454545454546,0.9090909090909091,1.0
REYNDERS,REYNDERS NV,1.0,1.0,1.0
SOTRELCO,SOTRELCO - ENTREPRISE GENERALE D'ELECTRICITE SA,0.9170212765957447,0.8340425531914895,1.0
DECKX ELEKTRO MECHANICA,DECKX ALGEMENE ONDERNEMINGEN NV,0.6260979174278407,0.8221958348556814,0.43
THERMOCO,DEMOCO NV,0.7647222222222223,0.8194444444444445,0.71
THERMOCO,GEMOCO NV,0.7647222222222223,0.8194444444444445,0.71
Thomas & Piron Bâtiment,THOMAS ET PIRON HOME SA,0.7992966751918158,0.8485933503836317,0.75
Thomas & Piron Bâtiment,THOMASSEN et Fils SPRL,0.698399209486166,0.826798418972332,0.57
Thomas & Piron Bâtiment,Thomas & Piron RENOVATION SA,0.814939522719843,0.8798790454396862,0.75
Thomas & Piron Bâtiment,Thomas & Piron Bâtiments SA,0.9401851851851852,0.9703703703703704,0.91
Thomas & Piron RENOVATION,THOMAS ET PIRON HOME SA,0.768383631713555,0.8367672634271099,0.7
Thomas & Piron RENOVATION,Thomas & Piron RENOVATION SA,0.9892857142857143,0.9785714285714285,1.0
Thomas & Piron RENOVATION,Thomas & Piron Bâtiments SA,0.789074074074074,0.8881481481481481,0.69
vanhout.pro,VANHOUT NV,0.9636363636363636,0.9272727272727272,1.0
vanhout.pro,vanhout.pro NV,1.0,1.0,1.0
ALGEMENE BOUWONDERNEMING VLASSAK-VERHULST,ALGEMENE ONDERNEMINGEN ROBERT WYCKAERT NV,0.7460130140321367,0.8320260280642734,0.66
ALGEMENE BOUWONDERNEMING VLASSAK-VERHULST,Algemene Ondernemingen Himpe NV,0.7388925920315104,0.8677851840630207,0.61
ALGEMENE BOUWONDERNEMING VLASSAK-VERHULST,Algemene Ondernemingen E.G. VERSTRAETE & VANHECKE NV,0.7327460299619455,0.8454920599238909,0.62
ALGEMENE BOUWONDERNEMING VLASSAK-VERHULST,DE BRUGSE ALGEMENE BOUWONDERNEMING NV,0.7826921059533176,0.6953842119066351,0.87
ALGEMENE BOUWONDERNEMING VLASSAK-VERHULST,VANDEBOS ALGEMENE BOUWONDERNEMING NV,0.7587123265172045,0.6774246530344091,0.84
ALGEMENE BOUWONDERNEMING VLASSAK-VERHULST,BOUWONDERNEMING DAMMAN NV,0.7294826311899483,0.6489652623798966,0.81
ALGEMENE BOUWONDERNEMING VLASSAK-VERHULST,Algemene Bouw Deblaere BV,0.6834767184035477,0.8469534368070954,0.52
ALGEMENE BOUWONDERNEMING VLASSAK-VERHULST,Algemene Bouwonderneming Cogghe en Cie NV,0.818202586411829,0.866405172823658,0.77
ALGEMENE BOUWONDERNEMING VLASSAK-VERHULST,BOUWONDERNEMING LAMERS NV,0.7520066518847006,0.6940133037694013,0.81
ALGEMENE BOUWONDERNEMING VLASSAK-VERHULST,ALGEMENE ONDERNEMING DRIESEN NV,0.7300842044134727,0.8801684088269454,0.58
ALGEMENE BOUWONDERNEMING VLASSAK-VERHULST,Algemene Bouwondernemingen Marcel Everaert-Cooreman NV,0.7680724751097778,0.8661449502195557,0.67
ALGEMENE BOUWONDERNEMING VLASSAK-VERHULST,Algemene Ondernemingen August Van Cauter NV,0.7087010559760769,0.847402111952154,0.57
ALGEMENE BOUWONDERNEMING VLASSAK-VERHULST,Bouwonderneming Haex NV,0.7457633242999097,0.6315266485998193,0.86
ALGEMENE BOUWONDERNEMING VLASSAK-VERHULST,ALGEMENE ONDERNEMINGEN HERMANS en Co NV,0.7090983948301022,0.8481967896602043,0.57
ALGEMENE BOUWONDERNEMING VLASSAK-VERHULST,ALGEMENE BOUW- EN BETONWERKEN VANEENOO NV,0.6326049175471512,0.8252098350943025,0.44
ALGEMENE BOUWONDERNEMING VLASSAK-VERHULST,ALGEMENE BOUWONDERNEMING DESPIERRE FILIP BV,0.8062715069011155,0.8725430138022311,0.74
ALGEMENE BOUWONDERNEMING VLASSAK-VERHULST,ALGEMENE BOUWONDERNEMING HERWEYERS NV,0.867577549102063,0.9051550982041261,0.83
ALGEMENE BOUWONDERNEMING VLASSAK-VERHULST,Algemene Ondernemingen Van Tornhaut BVBA,0.7714724064291334,0.8529448128582668,0.69
ALGEMENE BOUWONDERNEMING VLASSAK-VERHULST,BOUWONDERNEMING ERIBO NV,0.7236204671570525,0.6172409343141051,0.83
ALGEMENE BOUWONDERNEMING VLASSAK-VERHULST,BOUWONDERNEMING OOMS NV,0.7457633242999097,0.6315266485998193,0.86
ALGEMENE BOUWONDERNEMING VLASSAK-VERHULST,ALGEMENE BOUW MAES NV,0.7483468834688347,0.8766937669376693,0.62
Cosimco,Cosimco NV,1.0,1.0,1.0
WILLEMEN INFRA,WILLEMEN CONSTRUCT NV,0.8046825396825397,0.8793650793650793,0.73
WITTEVEEN+BOS BELGIUM,DE WITTE-VANDECAVEYE BV,0.6269230769230769,0.8338461538461539,0.42
ALGEMENE ONDERNEMINGEN ROBERT WYCKAERT,ALGEMENE ONDERNEMINGEN ROBERT WYCKAERT NV,1.0,1.0,1.0
ALGEMENE ONDERNEMINGEN ROBERT WYCKAERT,DECKX ALGEMENE ONDERNEMINGEN NV,0.771453634085213,0.662907268170426,0.88
ALGEMENE ONDERNEMINGEN ROBERT WYCKAERT,Algemene Ondernemingen Himpe NV,0.8888721804511278,0.8977443609022556,0.88
ALGEMENE ONDERNEMINGEN ROBERT WYCKAERT,Algemene Ondernemingen E.G. VERSTRAETE & VANHECKE NV,0.804037528887153,0.878075057774306,0.73
ALGEMENE ONDERNEMINGEN ROBERT WYCKAERT,Algemene Bouwonderneming Cogghe en Cie NV,0.7212280701754386,0.8624561403508773,0.58
ALGEMENE ONDERNEMINGEN ROBERT WYCKAERT,ALGEMENE ONDERNEMING DRIESEN NV,0.7520751879699248,0.8941503759398496,0.61
ALGEMENE ONDERNEMINGEN ROBERT WYCKAERT,Algemene Bouwondernemingen Marcel Everaert-Cooreman NV,0.7643041427097155,0.8586082854194309,0.67
ALGEMENE ONDERNEMINGEN ROBERT WYCKAERT,Algemene Ondernemingen August Van Cauter NV,0.832280701754386,0.9045614035087719,0.76
ALGEMENE ONDERNEMINGEN ROBERT WYCKAERT,ALGEMENE ONDERNEMINGEN HERMANS en Co NV,0.832280701754386,0.9045614035087719,0.76
ALGEMENE ONDERNEMINGEN ROBERT WYCKAERT,ALGEMENE BOUW- EN BETONWERKEN VANEENOO NV,0.698796992481203,0.837593984962406,0.56
ALGEMENE ONDERNEMINGEN ROBERT WYCKAERT,ALGEMENE BOUWONDERNEMING DESPIERRE FILIP BV,0.7137148102815177,0.8374296205630355,0.59
ALGEMENE ONDERNEMINGEN ROBERT WYCKAERT,ALGEMENE BOUWONDERNEMING HERWEYERS NV,0.8088493292053663,0.8676986584107327,0.75
ALGEMENE ONDERNEMINGEN ROBERT WYCKAERT,Algemene Ondernemingen Van Tornhaut BVBA,0.8754353626000484,0.9208707252000969,0.83
