,Original Name,Lookup 1,Lookup 1 Confidence,Lookup 1 Index,Lookup 2,Lookup 2 Confidence,Lookup 2 Index
0,sd worx,sd worx,1.0,3453,sd worx professionals,0.56,3455
1,colruyt,colruyt  fine food,0.64,849,retail partners colruyt,0.6,3282
2,deloitte,deloitte,1.0,1075,deloitte legal,0.74,1076
3,telenet,telenet business,0.6,3846,tellent,0.42000000000000004,3848
4,argenta,gens rental,0.33999999999999997,1680,merge,0.32999999999999996,2620
5,proximus,proximus nxt,0.77,3169,trox,0.36,4051
6,vanbreda risk  benefits,vanbreda services,0.43000000000000005,4200,beneficent solutions,0.27,477
7,first floor,first floor careers,0.8,1531,headfirst,0.39,1835
8,io,zorgbedrijf meetjesland,0.0,4559,zorgbedrijf antwerpen,0.0,4558
9,vlerick business school,unsw business school,0.62,4130,tias school for business and society,0.48,3961
10,hr talents,hr talents  executive talents,0.74,1954,italents,0.63,2152
11,arxus,clearxperts,0.31999999999999995,805,buro nexus,0.30000000000000004,658
12,arvesta,harvey nash,0.4,1821,nest,0.24,3914
13,cegeka,kogeka,0.64,2307,kaneka,0.30000000000000004,2231
14,codit,godit,0.5900000000000001,1738,hr code,0.39,1948
15,kpmg,zorgbedrijf meetjesland,0.0,4559,zorgbedrijf antwerpen,0.0,4558
16,aertssen,hoorcentrum aerts,0.36,1917,bekaert,0.33999999999999997,447
17,savaco,vivacom,0.43999999999999995,4290,travak,0.26,4029
18,trifinance,trifinance,1.0,4043,fod financin  spf finances,0.44999999999999996,1565
19,tomorrowland,tomorrowbe,0.7,3991,love tomorrow,0.65,2477
20,protime,uptime,0.43999999999999995,4142,protect,0.41000000000000003,3165
21,mediahuis,mediahuis technology  product studio,0.5,2591,ad media,0.33999999999999997,95
22,coolblue,blue lines,0.43000000000000005,553,bleublue,0.42000000000000004,545
23,bpost,bpostgroup,0.64,609,postnl,0.43000000000000005,3117
24,agilitas,agilitas,1.0,139,veritas,0.4,4245
25,recrewtment,management  recruitment,0.37,2529,pes recruitment,0.36,3043
26,securex,recurv,0.41000000000000003,3248,corex,0.4,906
27,umicore,unicorn,0.41000000000000003,4101,corex,0.4,906
28,cargill,gillain,0.41000000000000003,1706,carglass,0.32999999999999996,714
29,amista,inami,0.31000000000000005,2060,charistar,0.27,765
30,provincie antwerpen,unizo provincie antwerpen,0.81,4126,confederatie bouw provincie antwerpen,0.69,863
31,atlas copco,atlas copco,1.0,342,atlas grow how,0.42000000000000004,343
32,sibelga,belga news agency,0.32999999999999996,454,ibens,0.29000000000000004,2000
33,q8,zorgbedrijf meetjesland,0.0,4559,zorgbedrijf antwerpen,0.0,4558
34,brussels airlines,in brussels,0.53,2055,inesc brussels hub,0.52,2075
35,baloise be,chalo,0.28,3878,adsomenoise,0.25,114
36,acerta,sporta,0.31999999999999995,3627,talent acquisition  orientation  acerta consult,0.31000000000000005,3798
37,attentia,mattel,0.48,2559,wattex,0.42000000000000004,4370
38,brussels airport,crowne plaza brussels airport,0.69,953,in brussels,0.49,2055
39,unitt,itt,0.64,2155,unitd,0.52,4113
40,hansea,hansen industrial transmissions,0.36,1813,performanse,0.33999999999999997,3035
41,tabaknatie,luiknatie,0.43999999999999995,2491,zuidnatie,0.24,4565
42,febelco,febelfin,0.51,1474,febelgra,0.51,1475
43,bluu,blue lines,0.43000000000000005,553,bleublue,0.42000000000000004,545
44,insilencio,insight,0.28,2101,hinicio,0.25,1892
45,engie,engie,1.0,1338,enginity,0.5,1344
46,matexi,kantoor atexio,0.47,2234,wattex,0.33999999999999997,4370
47,sportoase,sporta,0.5700000000000001,3627,sportscom,0.43999999999999995,3630
48,euroports,sportscom,0.38,3630,europabank,0.35,1391
49,vandemoortele,moore,0.4,2706,democo,0.31999999999999995,1084
50,terumo,fumo,0.39,1616,terumo pharmaceutical solutions division,0.35,3855
51,smappee,peel,0.37,3021,papperas,0.33999999999999997,2993
52,qbd,zorgbedrijf meetjesland,0.0,4559,zorgbedrijf antwerpen,0.0,4558
53,puratos,actos,0.36,90,konato,0.25,2312
54,omp,rent company,0.35,3927,compusearch,0.32999999999999996,854
55,lansweeper,astra sweets,0.28,320,sweco,0.22999999999999998,3772
56,intigriti,gritt,0.44999999999999996,1766,intix,0.29000000000000004,2130
57,accenture,accenture,1.0,68,accenture song,0.77,69
58,galapagos,scapa,0.29000000000000004,3428,alan,0.27,158
59,ing,ing,1.0,2086,ewings,0.29000000000000004,1420
60,jessa ziekenhuis,gza ziekenhuizen,0.61,1793,zas  ziekenhuis aan de stroom,0.43999999999999995,4532
61,zeb,who owns the zebra,0.30000000000000004,4408,zorgbedrijf meetjesland,0.0,4559
62,alkenmaes,alkenmaes mechelen,0.76,173,afsprakenmaker,0.31000000000000005,130
63,bluecrux,blue lines,0.32999999999999996,553,bleublue,0.31999999999999995,545
64,biztory,restory,0.43999999999999995,3280,frontstory,0.31999999999999995,1610
65,azelis,azelis corporate services,0.47,384,obelis,0.41000000000000003,2892
66,manuchar,amanu,0.52,200,manus,0.5,2541
67,whats cooking,thomas cook,0.4,3943,okioki,0.30000000000000004,2912
68,ag solution,oce solutions,0.5800000000000001,2894,renta solutions,0.55,3269
69,cheops technology,cheops technology nv,0.88,773,nxi technology,0.55,2886
70,unilin,unilin panels,0.62,4107,quickstep unilin,0.49,3201
71,harbour,starboybe,0.37,3678,consense arbo,0.32999999999999996,878
72,collectief,actief,0.56,84,foodcollective,0.56,1572
73,ab inbev,anheuserbusch inbev,0.36,228,unifab india uniform,0.27,4103
74,cronos,cronos,1.0,1013,cronos leuven,0.62,944
75,sunweb,fun  sun,0.28,1618,immoweb,0.22999999999999998,2037
76,toreon,softwareone,0.43999999999999995,3579,coreorigins,0.37,901
77,keyrus,moneyrebels,0.28,2691,key consult,0.27,2276
78,springbok agency,21 agency,0.33999999999999997,9,other agency,0.32999999999999996,3919
79,agristo,agrium,0.53,147,bristol,0.47,635
80,basf,basf antwerp,0.52,413,basf antwerpen,0.49,414
81,axxes it consultancy,thoen it consultancy,0.5900000000000001,3941,excellent it consultancy,0.52,1425
82,bmw,bmw,1.0,557,bmw via rpc,0.35,560
83,vulpia,pia,0.54,3060,piazza,0.24,3061
84,vinotte,vandelanotte,0.49,4202,vind,0.31999999999999995,4273
85,storm,restory,0.51,3280,frontstory,0.37,1610
86,movu robotics,red robot dna,0.37,3249,robin,0.18999999999999995,3324
87,milcobel,obelis,0.36,2892,studio picobello,0.31999999999999995,3739
88,katoen natie,konato,0.31000000000000005,2312,human nature project,0.26,3899
89,flexso for people,flexso,0.5900000000000001,1546,wise people,0.4,4436
90,esko,agisko,0.4,141,topdesk,0.37,3999
91,dester,nest,0.35,3914,kvc westerlo,0.31000000000000005,2345
92,dematic,mativ,0.43000000000000005,2558,rademaker,0.41000000000000003,3214
93,dd engineering,bw engineering,0.69,686,linde engineering,0.69,2442
94,casa international,tta international,0.72,4059,cca international,0.7,728
95,am,zorgbedrijf meetjesland,0.0,4559,zorgbedrijf antwerpen,0.0,4558
96,air products,product architects,0.48,3924,imperial meat products,0.47,2048
97,9altitudes,9altitudes,1.0,36,studentbe,0.28,3730
98,lijn,stroomlijn,0.48,1036,consultijn,0.33999999999999997,1011
99,equans,equalminds,0.35,1357,iguana,0.32999999999999996,2017
100,ethias,methis consulting,0.30000000000000004,2631,filias,0.29000000000000004,1514
101,imec,imecistart,0.54,2030,imecxpand,0.49,2031
102,intelect,select,0.64,3470,intellecteu,0.6,2112
103,konings,ewings,0.32999999999999996,1420,konsult,0.31999999999999995,2317
104,lineas,leaseline,0.48,2388,enginears,0.42000000000000004,1341
105,tessenderlo,tch tessenderlo,0.8,3819,cressendo,0.43999999999999995,941
106,carrefour,starredcom,0.30000000000000004,3680,futureforward,0.30000000000000004,1628
107,chipsoft,mercy ships,0.29000000000000004,2619,microsoft,0.27,2635
108,cipal schaubroeck,ceipal,0.28,733,municipality of bornem,0.26,2746
109,finsiders,finsiders  part of lifeworx,0.5,1527,hubside,0.35,1970
110,manuport logistics,id logistics,0.61,2004,yusen logistics,0.54,4523
111,loop earplugs,overloop ai,0.30000000000000004,2971,all ears,0.27,176
112,axilium,melius,0.33999999999999997,2606,traxio,0.28,4035
113,hh global,dps  global,0.71,1183,globant,0.64,1720
114,antenno,tennant,0.5700000000000001,3852,santens,0.44999999999999996,3410
115,icredit,alphacredit,0.45999999999999996,186,creditpeopleeu,0.41000000000000003,937
116,plainsight,insight,0.78,2101,future insight comm v,0.4,1625
117,ufinity,enginity,0.6,1344,infinity jobs,0.54,2081
118,gudrun commercial,gudrun,0.64,1785,lightspeed commerce,0.28,2434
119,rsm,duraconstructkeersmaekers,0.28,1211,zorgbedrijf meetjesland,0.0,4559
120,vlinvesta,natuurinvest,0.45999999999999996,2776,hasco invest,0.44999999999999996,1822
121,cordeel,nordend,0.4,2855,ideeds,0.29000000000000004,2006
122,hyperion,studio hyperdrive,0.4,3737,entrio,0.27,1351
123,uza,zorgbedrijf meetjesland,0.0,4559,zorgbedrijf antwerpen,0.0,4558
124,yuki,visma  yuki,0.53,4283,studio ukiyo,0.25,3744
125,reynaers aluminium,reynaers,0.65,3290,aluminium duffel,0.43999999999999995,196
126,bdo,bdo,1.0,430,bdo digital  eeg   automation  dobit  jds  ceo summit,0.18000000000000005,431
127,melexis,enexis,0.56,1334,lexima,0.42000000000000004,2418
128,eubelius,melius,0.5900000000000001,2606,belfius,0.26,451
129,gumption,etion,0.44999999999999996,1380,all exeptional,0.42000000000000004,177
130,xplore,loral,0.29000000000000004,2473,xelor,0.28,4493
131,sofico,wico,0.32999999999999996,4412,bofis,0.28,572
132,brouwerij haacht,vrouwennet,0.26,4338,kracht jacht,0.19999999999999996,2325
133,vlaamse landmaatschappij,beheermaatschappij heide,0.45999999999999996,445,vlaamse post,0.39,4299
134,netwerk,netwerk ondernemen,0.56,2792,vov lerend netwerk,0.5,4328
135,sgs,sgs,1.0,3491,sgs ewacs,0.39,3492
136,nmbssncb,sncb,0.8200000000000001,3570,wissnerbosserhoff,0.19999999999999996,4438
137,bloovi,roov,0.47,3340,bloue,0.29000000000000004,550
138,epact,cepa,0.49,742,bepark,0.38,490
139,wyre,lyreco,0.55,2503,myreas,0.53,2763
140,vynova,nova,0.5800000000000001,2863,enovates,0.35,1345
141,viabuild,brebuild,0.43000000000000005,626,buildwise,0.4,653
142,silverfin,orfit,0.30000000000000004,2959,silvia pauli,0.30000000000000004,3514
143,robovision,finvision,0.47,1530,physiovisit,0.43999999999999995,3059
144,pv panels,unilin panels,0.6699999999999999,4107,panenka,0.4,2990
145,omega pharma a perrigo,eureka pharma,0.41000000000000003,1383,errin,0.29000000000000004,1369
146,parkwind,bepark,0.27,490,hypotheekwinkel,0.26,1991
147,ontex,montea,0.44999999999999996,2698,wattex,0.41000000000000003,4370
148,oleon,veon,0.38,4235,dileoz,0.31999999999999995,1135
149,nipro europe  companies,kaneka europe  company,0.5700000000000001,2232,lemon companies,0.41000000000000003,2401
150,neuhaus,hause media,0.43000000000000005,1825,uhasselt,0.29000000000000004,4085
151,made design  innovation,beacon  innovation community,0.42000000000000004,3866,zabala innovation,0.42000000000000004,4527
152,macadam,aca,0.38,61,bee academy,0.26,3867
153,klarrio,arriva,0.49,287,wolves  warriors,0.38,4452
154,indaver,nda,0.47,2780,davo,0.4,999
155,empwr nutrition,trouw nutrition,0.65,4050,high end nutrition,0.5900000000000001,1883
156,dynapps  experts in odoo,travel experts italy,0.36,4031,expo experts,0.35,1442
157,duomed,duomed,1.0,1208,promedia,0.31999999999999995,3162
158,deliverect,threon  strategy delivered,0.38,3955,beliving,0.33999999999999997,461
159,cookware,thomas cook,0.37,3943,delaware,0.27,1069
160,comfort energy,scholt energy,0.5700000000000001,3435,linergy,0.45999999999999996,2444
161,cartamundi,novemmundi,0.31000000000000005,2865,mundial tickets,0.27,2745
162,bridgestone emea,2 bridge,0.45999999999999996,8,everbridge,0.43000000000000005,1403
163,adb safegate,gates,0.36,1642,tsa safety,0.32999999999999996,4057
164,ahlers,ahlers logistics,0.63,148,talententelers,0.20999999999999996,3807
165,argenx,merge,0.39,2620,target engineering,0.37,3814
166,ca,zorgbedrijf meetjesland,0.0,4559,zorgbedrijf antwerpen,0.0,4558
167,hessers,messer,0.56,2623,essers  vanbriel,0.35,1377
168,isabel,elisabeth chocolaterie,0.41000000000000003,1297,enabel,0.39,1327
169,nextensa,next potentials,0.31999999999999995,2808,pxlnext,0.31000000000000005,3186
170,pwc,pwc,1.0,3185,human interface   part of the pwc network,0.21999999999999997,1979
171,realdolmen,inetumrealdolmen,0.74,2077,waldon,0.39,4356
172,stibbe,stibmivb,0.31999999999999995,3708,ribbels communicatie met een plan,0.25,3299
173,techwolf,wolf oil,0.45999999999999996,4448,golf,0.43000000000000005,3890
174,toyota motor,toyo ink,0.35,4010,mazda motor belux  mazda motor logistics,0.35,2572
175,vab,kvab  koninklijke vlaamse academie van belgi voor wetenschappen en kunsten,0.16000000000000003,2343,zorgbedrijf meetjesland,0.0,4559
176,armonea,harmony,0.5700000000000001,1818,hrmonize,0.35,1960
177,energyvision,linergy,0.44999999999999996,2444,finvision,0.43999999999999995,1530
178,etex,wattex,0.43999999999999995,4370,peeters,0.29000000000000004,3022
179,hyphen finance,fod financin  spf finances,0.45999999999999996,1565,creative finance,0.43000000000000005,930
180,la lorraine bakery,hrrail,0.28,1963,bakker,0.24,396
181,meatmore,meatless,0.30000000000000004,2583,eat more trees,0.29000000000000004,1233
182,niko,unikoo,0.77,4105,nike,0.47,2823
183,showpad,padi,0.49,2981,spadel,0.39,3614
184,fnac vanden borre,vanden borre kitchen,0.54,4203,vanden broele,0.32999999999999996,4204
185,pkf bofidi,bofidi,0.85,571,cofidis,0.55,837
186,square,y squared,0.75,4501,squaretrade,0.69,3643
187,impact,yourimpact,0.69,4518,impact jobs,0.63,2043
188,novartis,nova,0.5700000000000001,2863,fortis,0.41000000000000003,1580
189,ibanfirst,headfirst,0.41000000000000003,1835,peoplefirst,0.37,3030
190,digipolitans,solita,0.47,3586,digi,0.43999999999999995,1124
191,option media,motion medical,0.53,2711,ad media,0.45999999999999996,95
192,xylos,majulos,0.29000000000000004,2520,hyloris pharmaceuticals,0.21999999999999997,1989
193,companions,mycareercompanion,0.62,2757,lemon companies,0.49,2401
194,classo technology,nxi technology,0.55,2886,dxc technology,0.54,1220
195,remant transport architects,sprint transport,0.52,3638,product architects,0.5,3924
196,datashift,shiftz,0.56,3499,trueshift,0.43999999999999995,4053
197,jobat,jobat  ads  data,0.47,2189,bebat,0.33999999999999997,435
198,on it,kern it,0.56,2272,thoen it consultancy,0.35,3941
199,enersee,besee,0.33999999999999997,496,diversey,0.31999999999999995,1148
200,yaass,interwaas,0.35,2128,waaslandia,0.31000000000000005,4353
201,anthony cranes,dethon,0.30000000000000004,1098,sony,0.29000000000000004,3602
202,dc dredging,ddream,0.18999999999999995,1004,ing,0.18000000000000005,2086
203,kunnig,zonnige kempen,0.38,4555,bonnie,0.31999999999999995,585
204,ikea,nike,0.43999999999999995,2823,fike,0.38,1513
205,vivaldis interim,vivaldis,0.75,4291,aldi,0.44999999999999996,165
206,covestro,westrom,0.43999999999999995,4405,astron,0.38,324
207,sbb accountants  advisors,itaa  institute for tax advisors and accountants,0.52,2151,vmw accountants,0.5,4303
208,lunch garden,frigilunch,0.41000000000000003,1606,crunchr,0.32999999999999996,955
209,updatepro,doorstep,0.24,1173,gearstep,0.22999999999999998,1650
210,sereni,cerence,0.39,743,dieteren,0.33999999999999997,1122
211,cummins,vitamins,0.22999999999999998,4287,summer bash,0.20999999999999996,3755
212,buildr,brebuild,0.6799999999999999,626,buildwise,0.63,653
213,inovet,velvet,0.32999999999999996,4231,nova,0.32999999999999996,2863
214,duval union,duval union innovative marketing,0.63,1217,tuvalu media,0.24,4067
215,carerix,ferrero,0.30000000000000004,1500,aarixa,0.29000000000000004,44
216,board of innovation,zabala innovation,0.43999999999999995,4527,nido innovation lab,0.41000000000000003,2817
217,facilicom,vinci facilities,0.43999999999999995,4271,vinci facilities,0.43999999999999995,4272
218,natuurpunt,punt,0.49,3177,natuurinvest,0.42000000000000004,2776
219,korian,korian,1.0,2321,neoria,0.4,2786
220,soudal,studaro,0.31999999999999995,3729,brandally,0.24,618
221,oxygen,moxy,0.61,2724,moxypost,0.38,2725
222,mext,allimex green power,0.26,182,pxlnext,0.26,3186
223,db schenker,henkel,0.47,1860,groeidenker,0.30000000000000004,1016
224,fiduciaire ten hove,gemeente hove,0.25,1669,portuaire ni,0.18999999999999995,3114
225,talentbay,talentbrussels,0.43999999999999995,3805,italents,0.42000000000000004,2152
226,wolf security,cronos security,0.52,946,security cams,0.51,3464
227,ovb willemot,willemen,0.52,4421,willemen construct,0.32999999999999996,4422
228,willemen infra,willemen,0.6799999999999999,4421,willemen construct,0.48,4422
229,wibra,calibrate,0.5700000000000001,693,colibry,0.39,844
230,human8,uman,0.77,4092,uman,0.77,4093
231,volvo car gent,volvo cars,0.75,4321,volvo trucks,0.42000000000000004,4322
232,vgp,zorgbedrijf meetjesland,0.0,4559,zorgbedrijf antwerpen,0.0,4558
233,verwater tank  industrial services,vervaeke industrial,0.4,4253,cnh industrial,0.39,823
234,van havermaet,ackermans  van haaren,0.37,78,van hamme architecten,0.21999999999999997,4181
235,van de velde,van de velde packaging,0.71,4175,belden,0.39,450
236,vandersanden,sander,0.74,3402,vanden broele,0.38,4204
237,twipe,wipro,0.43000000000000005,4434,shipex,0.31999999999999995,3501
238,trendminer,mindmoving,0.31999999999999995,2648,trendcult,0.30000000000000004,4036
239,tomra food,manna foods,0.45999999999999996,2535,eit food,0.4,1281
240,tomco,cmcom,0.51,821,mconsulting services,0.30000000000000004,2579
241,tmc,zorgbedrijf meetjesland,0.0,4559,zorgbedrijf antwerpen,0.0,4558
242,tes,artes,0.61,294,gates,0.5700000000000001,1642
243,teamblue,powerteambe,0.4,3121,yambla,0.39,4502
244,tata consultancy services,tata consultancy services,1.0,3816,vice consultancy,0.5800000000000001,4263
245,tcr,zorgbedrijf meetjesland,0.0,4559,zorgbedrijf antwerpen,0.0,4558
246,swissport cargo services,multio services,0.42000000000000004,2743,ac services,0.39,60
247,stream software,softwareone,0.55,3579,sheq software,0.52,3498
248,stellantis etransmissions,hansen industrial transmissions,0.47,1813,lantis,0.37,2362
249,stefanini emea,nitto emea,0.28,2832,donaldson emea,0.24,1171
250,spacewell  a nemetschek,pace pack,0.20999999999999996,2979,bwell  personal training  afslanking,0.18000000000000005,688
251,soprema,sopra steria,0.38,3604,remarkable,0.31000000000000005,3264
252,solvint,solvint supply management,0.49,3592,solvus,0.35,3593
253,smt,smt,1.0,3567,zorgbedrijf meetjesland,0.0,4559
254,signify,signicat,0.56,3511,agnitio,0.29000000000000004,142
255,seris,seris,1.0,3485,experis,0.49,1438
256,seainvest,natuurinvest,0.43000000000000005,2776,hasco invest,0.42000000000000004,1822
257,hasinto,minto,0.44999999999999996,2660,easi,0.4,1226
258,scaldis smc,aldi,0.48,165,vivaldis,0.4,4291
259,sbe,belsberg,0.43999999999999995,467,ertsberg,0.43999999999999995,1370
260,samsonite,sonical,0.35,3599,wenite,0.35,4393
261,renner energies,eqos energie,0.48,1356,synergie,0.48,3781
262,burger brands,top brands,0.42000000000000004,3996,deckers brands,0.36,1057
263,pvh brands,top brands,0.47,3996,deckers brands,0.4,1057
264,pro duo,duomed,0.29000000000000004,1208,echo delta,0.20999999999999996,1241
265,pomuni,pom,0.5700000000000001,3104,hyoomunh,0.39,1990
266,peripass,passage,0.33999999999999997,3000,dripl,0.28,1192
267,otis,tis,0.6699999999999999,3975,gentis,0.39,1681
268,okay,vokan,0.5800000000000001,4316,okademy,0.43000000000000005,2911
269,ohgreen,greenyard,0.56,1762,greenpeace,0.54,1760
270,novasol chemicals,dl chemicals,0.74,1156,nova,0.38,2863
271,nexuzhealth,cv health,0.43000000000000005,970,healthy mind,0.37,1843
272,nemho,sanemwa,0.4,3406,gemeente bornem,0.32999999999999996,1661
273,medpace,pace pack,0.39,2979,pidpa,0.31999999999999995,3063
274,materialise,heidelberg materials,0.39,1847,benq materials corp,0.38,483
275,mars,marshall wace,0.38,2550,all ears,0.32999999999999996,176
276,lubrizol advanced materials,heidelberg materials,0.28,1847,benq materials corp,0.27,483
277,kinepolis,onepoint,0.45999999999999996,2928,ninepointfive,0.39,2828
278,biscuiterie jules destrooper,fine biscuits company,0.30000000000000004,1525,bis,0.25,532
279,orange cyberdefense,orange cyberdefense,1.0,2952,orange,0.42000000000000004,2950
280,jdi,zorgbedrijf meetjesland,0.0,4559,zorgbedrijf antwerpen,0.0,4558
281,jaga climate designers  hq,change designers,0.48,755,kan design,0.36,2229
282,ineos manufacturing,bosch manufacturing and services,0.56,598,clothing manufacturer,0.55,814
283,willy naessens industrial buildings,cnh industrial,0.35,823,skill builders,0.31000000000000005,3534
284,inchcape,trscape,0.37,4052,upscape,0.36,4140
285,impact sales  marketing,upmoves  marketing agency,0.43999999999999995,4137,ellenesse marketing,0.4,1305
286,honeywell,honest trade,0.29000000000000004,1914,dehon,0.25,1063
287,henchman part of lexisnexis,enexis,0.55,1334,connexi,0.28,876
288,gxo logistics,id logistics,0.76,2004,yusen logistics,0.6799999999999999,4523
289,jansen,consense arbo,0.43000000000000005,878,met sense,0.38,2625
290,gorilla  energy data applications,energy solutions,0.31999999999999995,1333,centrica energy trading,0.25,740
291,fujifilm,fujitsu,0.42000000000000004,1614,fuji oil,0.37,1613
292,fujifilm electronic materials,samsung electronics,0.36,3398,samsung electronics,0.36,3399
293,flyinggroup,minggo,0.31999999999999995,2654,groupe seb,0.30000000000000004,1775
294,essity,clusity,0.43999999999999995,817,progressio,0.31000000000000005,3155
295,eco3,seco,0.6599999999999999,3463,oeco,0.5900000000000001,2901
296,eurofins ecca,eurofilters  miele,0.30000000000000004,1389,profile,0.29000000000000004,3150
297,dicar motorhomes,home,0.37,1911,zenhomes,0.32999999999999996,4540
298,deme environmental,rivm national institute for public health and the environment,0.39,3314,deme,0.31000000000000005,1083
299,delta engineering,intra engineering,0.72,2132,bw engineering,0.64,686
300,dela,dela,1.0,1065,delaval,0.56,1067
301,datasense,consense arbo,0.38,878,met sense,0.38,2625
302,dassy workwear,cws workwear,0.6,978,texet workwear,0.5800000000000001,3859
303,cyclops,connect cycling,0.33999999999999997,867,cyclis bike lease,0.29000000000000004,979
304,computer task,ctg  computer task,0.81,959,computerland,0.56,856
305,conxion,dixio,0.31999999999999995,1149,traxio,0.31999999999999995,4035
306,gb foods,tops foods,0.6699999999999999,4004,manna foods,0.6599999999999999,2535
307,cisco systems,nivo systems,0.62,2834,cisco,0.54,787
308,circet,circet,1.0,784,circl,0.5700000000000001,785
309,cdm stravitec,avit,0.45999999999999996,366,cdm smith,0.43000000000000005,729
310,brustor,rustoleum,0.44999999999999996,3368,restory,0.41000000000000003,3280
311,brightwolves,trendwolves,0.45999999999999996,4038,bright plus,0.42000000000000004,627
312,brightanalytics,agilytic,0.43999999999999995,140,bright plus,0.37,627
313,boortmalt,malt,0.53,2526,tma,0.42000000000000004,3979
314,biscuiterie thijs,fine biscuits company,0.38,1525,matthijs,0.38,2561
315,devoteam,devoteam g cloud,0.63,1100,tempoteam,0.4,3849
316,bccl,zorgbedrijf meetjesland,0.0,4559,zorgbedrijf antwerpen,0.0,4558
317,telenet retail,retaildetail,0.53,3283,4retail,0.5,31
318,barbuss,barbaren,0.52,1008,barco,0.30000000000000004,410
319,axi,traxio,0.53,4035,maxicon,0.47,2567
320,eviden,evidence,0.87,1408,vidende,0.7,4266
321,asist,easi,0.48,1226,assists,0.47,319
322,arhs developments,gillion development,0.61,1707,institute for business development,0.52,2104
323,aprojects,projectseu,0.71,3160,kr projects,0.6699999999999999,2324
324,aon,zorgbedrijf meetjesland,0.0,4559,zorgbedrijf antwerpen,0.0,4558
325,antwerp space,edr antwerp shipyard,0.41000000000000003,1257,antwerp school of education,0.39,242
326,alpro,voetbalprimeur,0.42000000000000004,4306,valpeo,0.31999999999999995,4168
327,alcon,travalco,0.65,4030,idelco insulation,0.25,2007
328,akzo nobel paints,pri paint,0.30000000000000004,3134,mathys paints,0.30000000000000004,2557
329,agomab,lagom consultancy,0.36,2358,ivago,0.28,2162
330,actum services,ac services,0.56,60,ww services,0.53,4478
331,abriso jiffy,giso consulting,0.30000000000000004,1711,bristol,0.26,635
332,air liquide industries,kemin industries,0.45999999999999996,2269,ppg industries,0.44999999999999996,3122
333,akka,bakker,0.53,396,akkodis,0.42000000000000004,156
334,aliaxis,meraxis,0.56,2612,enexis,0.37,1334
335,alten,altez,0.61,189,gemeente aalter,0.39,1657
336,altrad services,altrad services,1.0,193,altrad,0.5900000000000001,192
337,as adventure service center,fun adventure,0.52,1619,asadventure,0.49,304
338,atalian,atalian global services,0.49,329,liantis,0.45999999999999996,2423
339,aurubis beerse,rubicon,0.36,3367,bis,0.36,532
340,axxes,axxit,0.30000000000000004,374,lanxess,0.29000000000000004,2364
341,bakkerijaernoudt,bakkerij aernoudt,0.87,399,bakker,0.56,396
342,balta industries,ad astra industries,0.65,94,kemin industries,0.5900000000000001,2269
343,bank delen,delen private bank,0.4,1071,beobank nv,0.31999999999999995,488
344,biobest,obelis,0.28,2892,aviobook,0.27,365
345,capgemini,capgemini,1.0,703,2bemind,0.26,13
346,catalent,atalenta,0.79,328,italents,0.55,2152
347,cocacola european partners,cocacola european partners,1.0,834,cocacola europacific partners,0.71,833
348,danone,danone,1.0,989,organon,0.51,2962
349,datwyler pharma packaging,exam packaging,0.44999999999999996,1424,helios packaging,0.43999999999999995,1854
350,dca bouwbedrijf,vdl de meeuw belgiummodulair bouwbedrijfconstruction modulaire,0.32999999999999996,4226,rijksvastgoedbedrijf,0.31000000000000005,3306
351,decathlon,decathlon,1.0,1054,mecam,0.19999999999999996,2585
352,dnix,phinix,0.5800000000000001,3052,fenix consulting,0.36,1493
353,dp world,antwerp world diamond centre,0.48,243,myworld,0.45999999999999996,2765
354,heraeus electronite international,belron international,0.43999999999999995,466,stars edge international,0.43000000000000005,3682
355,heylen,gheys,0.38,1701,robin heymans,0.21999999999999997,3325
356,hilti,philips,0.26,3051,railtraxx,0.26,3221
357,hubo,hubo,1.0,1969,hubside,0.31000000000000005,1970
358,ingersollrand industrial technology,technord industry,0.5,3838,nxi technology,0.43000000000000005,2886
359,inthepocket,in the pocket,0.51,2058,erocket,0.4,1368
360,iss facility services,iss facility services belgi en luxemburg,0.69,2149,ac services,0.43000000000000005,60
361,jan de nul,kan design,0.26,2229,van de velde packaging,0.26,4175
362,johnson controls international,johnson  johnson,0.52,2197,johnson  johnson innovative medicine,0.45999999999999996,2198
363,kaneka,kaneka,1.0,2231,kaneka europe  company,0.5,2232
364,leewrangler belgium services,ac services,0.4,60,ww services,0.38,4478
365,lvmh,zorgbedrijf meetjesland,0.0,4559,zorgbedrijf antwerpen,0.0,4558
366,maes industries,kemin industries,0.6,2269,ppg industries,0.5900000000000001,3122
367,molnlycke,mlnlycke health care,0.5700000000000001,2668,venly,0.30000000000000004,4232
368,partena,partena professional,0.54,2996,artes,0.49,294
369,pauwelsconsulting,pauwels consulting,0.81,3010,consultink,0.47,883
370,pietercil delbys,pietercil,0.72,3065,dieteren,0.31000000000000005,1122
371,planettalent,planet talent,0.6699999999999999,3074,planet,0.64,3072
372,pluxee,pluxee,1.0,3085,rsa luxembourg,0.26,3360
373,process automation solutions,automation,0.6,357,contec  industrial automation solutions,0.5900000000000001,885
374,psa antwerp,piva antwerpen,0.54,3069,jane antwerp,0.49,3902
375,pss,woepss,0.55,4446,zorgbedrijf meetjesland,0.0,4559
376,ravago coordination center,sjm coordination center,0.6599999999999999,3529,ravago,0.52,3235
377,recticel,coreconnection,0.32999999999999996,900,selectie,0.30000000000000004,1035
378,rodekruis,rode kruisvlaanderen,0.43000000000000005,3330,rekruut,0.38,3259
379,scania parts logistics unit 2250,scania parts logistics,0.85,3427,scania,0.43999999999999995,3426
380,sipef,consip,0.5,880,shipex,0.39,3501
381,solutions 30,oce solutions,0.6599999999999999,2894,renta solutions,0.63,3269
382,sopra steria,sopra steria,1.0,3604,sopra steria next,0.78,3605
383,springbokcoaching,coachingent,0.44999999999999996,829,n2coaching,0.38,2766
384,standaard boekhandel,standaard uitgeverij,0.41000000000000003,3669,in boeken,0.31000000000000005,2054
385,stellar,stella p,0.6599999999999999,3701,xella,0.48,4492
386,strabag,untrabajoenholandacom,0.29000000000000004,4131,straff,0.27,3719
387,boston consulting,boston consulting,1.0,603,consultink,0.54,883
388,thi factory,factorv,0.51,1453,future factors,0.45999999999999996,1624
389,tnt express,dhl express,0.6799999999999999,1109,nippon express,0.5800000000000001,2829
390,touring,mourik,0.4,2716,contour lab,0.36,890
391,unitedpetfood,united hr,0.4,4116,united consulting,0.32999999999999996,4114
392,vanhoecke,anhomact,0.38,229,oeco,0.35,2901
393,vanhout,anhomact,0.49,229,motivationhouse,0.27,2713
394,verhaert,verhaert onsite consulting,0.5700000000000001,4241,verhaert  onsite consulting,0.56,4240
395,vgd belgie,vgd,0.53,4260,escbelgie,0.43999999999999995,1371
396,visma,visma  yuki,0.54,4283,smals,0.27,3554
397,vpkgroup,vpk,0.62,4332,vpk,0.62,4333
398,audika,laud,0.5700000000000001,2365,talent acquisition audit institute,0.29000000000000004,3799
399,catalay,alan,0.39,158,atalenta,0.35,328
400,christeyns,christies real estate,0.35,779,cm  christelijke mutualiteit,0.31000000000000005,818
401,jims,kims consultancy,0.39,2282,kims chocolates,0.33999999999999997,2281
402,nikon metrology,unikoo,0.35,4105,thinknology,0.24,3940
403,ntx,zorgbedrijf meetjesland,0.0,4559,zorgbedrijf antwerpen,0.0,4558
404,sanorice,sciensano,0.33999999999999997,3442,yano,0.28,4503
405,scr  sibelco,idelco insulation,0.25,2007,belcar rent,0.19999999999999996,449
406,securitas,security cams,0.5800000000000001,3464,kbc securities,0.55,2259
407,unisys,orsys,0.31999999999999995,2966,unit4,0.21999999999999997,4112
408,barry callebaut,barry callebaut,1.0,412,callens,0.31999999999999995,695
409,iko waterproofing and insulation,idelco insulation,0.31999999999999995,2007,pointerpro,0.24,3092
410,tpo agency,21 agency,0.43999999999999995,9,other agency,0.43000000000000005,3919
411,jbc,zorgbedrijf meetjesland,0.0,4559,zorgbedrijf antwerpen,0.0,4558
412,ici paris xl,aris  totell,0.29000000000000004,284,agaris,0.29000000000000004,133
413,sea tank terminal,seatank terminal,0.8,3462,lbc tank terminals,0.7,2371
414,dego verzekeringen,verzekeringen,0.76,4254,hillewaere verzekeringen,0.55,1890
415,credon,credox subsidie,0.38,938,credendo,0.35,935
416,jansen   maes industrie,kemin industries,0.42000000000000004,2269,hansen industrial transmissions,0.41000000000000003,1813
417,moninit,enginity,0.36,1344,monitor hr consulting,0.35,2693
418,grand vision,grandvision,0.62,1751,finvision,0.43999999999999995,1530
419,stroom recruitment,pes recruitment,0.5900000000000001,3043,moon recruitment,0.5800000000000001,2702
420,smulders,smulders projects,0.6799999999999999,3568,helder,0.31000000000000005,1853
421,az herentals,frame21  herentals,0.43999999999999995,1589,gens rental,0.31999999999999995,1680
422,vanlanschot,berenschot,0.48,492,mercier van lanschot,0.48,2616
423,advipro,wipro,0.54,4434,iadvise,0.4,1998
424,recruitment architects,product architects,0.5800000000000001,3924,trias architects,0.54,4041
425,multi engineering,multiengineering,0.78,2740,bw engineering,0.62,686
426,wunderman thompson  vml,vml,0.31999999999999995,4301,thomas,0.22999999999999998,3942
427,digi  citymesh,citymesh,0.73,793,digi,0.32999999999999996,1124
428,unmuteyou,unmute you,0.6799999999999999,4128,absoluteyou,0.51,59
429,van laere,delaere  lombaert,0.4,1066,mercier van lanschot,0.31000000000000005,2616
430,icts,ict talents,0.31000000000000005,2003,district01,0.28,1144
431,cesipreventie  bescherming,vogelbescherming vlaanderen,0.35,4307,besix,0.21999999999999997,497
432,optimile,optimizers,0.5900000000000001,2946,optimeyes,0.43999999999999995,2945
433,aft,mindcraft,0.42000000000000004,2647,aft international,0.38,131
434,pu,zorgbedrijf meetjesland,0.0,4559,zorgbedrijf antwerpen,0.0,4558
435,buysse  partners,buysse  partners invest,0.8200000000000001,676,buysse  partners  private equity  real estate,0.5800000000000001,674
436,at recruitment,recruit2  boost recruitment,0.72,3244,pes recruitment,0.71,3043
437,ab eiffage,eiffage,0.76,1278,abeiffage,0.6599999999999999,50
438,headcount gent,headcount,0.8200000000000001,1834,universiteit gent,0.26,4121
439,xtra works,xtra,0.52,4500,era wonen,0.43999999999999995,1362
440,be bold,bol,0.47,575,bebold,0.47,436
441,stadim,stadim  valuation  strategy in real estate,0.38,3664,randstad,0.35,3229
442,umami catering,j  m catering,0.39,2164,remi consulting,0.31999999999999995,3265
443,resilient business,telenet business,0.52,3846,resilient security,0.5,3273
444,inchcape,trscape,0.37,4052,upscape,0.36,4140
445,piagroup,orcagroup,0.52,2956,pia,0.43999999999999995,3060
446,pack brussels,in brussels,0.6699999999999999,2055,sarawak brussels,0.55,3415
447,lemon,lemons make lemonade,0.75,2402,lemon companies,0.55,2401
448,jysk,jysk,1.0,2221,zorgbedrijf meetjesland,0.0,4559
449,agiliz,agilitas,0.63,139,agilytic,0.4,140
450,beauty inn,tech company in beauty and wellness industry,0.44999999999999996,3831,lr health  beauty systems,0.42000000000000004,2481
451,orfit industries,orfit,0.6,2959,kemin industries,0.55,2269
452,cocacola,cocacola,1.0,3880,cocacola european partners,0.56,834
453,benton,bens mentors,0.43999999999999995,484,tentoo,0.41000000000000003,3854
454,mylan epd,elan languages,0.25,1289,ayla mont productions,0.22999999999999998,376
455,kubip,kubicco,0.6699999999999999,2336,qubix,0.37,3197
456,kmo dynamoo,kmodynamoo,0.7,2297,geodynamics,0.35,1686
457,baltimore aircoil international,baltimore aircoil,0.8,401,tta international,0.41000000000000003,4059
458,dpd,dpd nv,0.53,1180,zorgbedrijf meetjesland,0.0,4559
459,br,zorgbedrijf meetjesland,0.0,4559,zorgbedrijf antwerpen,0.0,4558
460,bank van breda,bank j van breda,0.75,405,bank jvan breda,0.7,406
461,voka,vokan,0.85,4316,jong voka,0.54,2201
462,whitewood capital,whitewood,0.73,4407,hr capital,0.48,1946
463,bus de polder scb,federale politie,0.26,1482,van de velde packaging,0.22999999999999998,4175
464,conway,ionway,0.92,2142,conway  the convenience company,0.43999999999999995,892
465,carglass,carglass,1.0,715,carglass,1.0,714
466,mohawk international services,isg international service,0.74,2148,tta international,0.51,4059
467,ckv bank,ckv,0.49,794,axa bank,0.35,369
468,brainbridge,brainbridge technics,0.74,616,brainbridge workforce solutions,0.61,617
469,solix search,solix academy,0.41000000000000003,3588,compusearch,0.37,854
470,adman agency  divisie van respectfully yours,adman agency,0.48,107,wingman agency,0.29000000000000004,4429
471,contec,montea,0.48,2698,stantec,0.43000000000000005,3673
472,vbm,zorgbedrijf meetjesland,0.0,4559,zorgbedrijf antwerpen,0.0,4558
473,roosendaelhof,inge vandael,0.35,2087,rosendiem,0.30000000000000004,3342
474,banijay,tobania,0.39,3985,umani,0.29000000000000004,4095
475,duraconstruct keersmaekers,duraconstructkeersmaekers,0.85,1211,construct0,0.39,881
476,brand quadergy,linergy,0.32999999999999996,2444,brand guys,0.30000000000000004,3873
477,boxs,slimbox,0.52,3545,theblackboxorg,0.31999999999999995,3932
478,allen  overy,callens,0.38,695,agentschap innoveren  ondernemen  vlaio,0.30000000000000004,136
479,resengo,abengoa,0.45999999999999996,51,esence,0.44999999999999996,1373
480,bubka,bubka  b corp certified,0.48,649,zorgbedrijf meetjesland,0.0,4559
481,trixolutions,trixolutions  leadership softskills,0.53,4049,oce solutions,0.4,2894
482,landsbond van liberale mutualiteiten,cm  christelijke mutualiteit,0.42000000000000004,818,mutualits libres  onafhankelijke ziekenfondsen,0.27,2752
483,investr,natuurinvest,0.5700000000000001,2776,hasco invest,0.55,1822
484,videofactory,factorv,0.51,1453,ifacto,0.43999999999999995,2014
485,upthrust,uptime,0.33999999999999997,4142,netherust,0.31000000000000005,2790
486,gimv,gimber,0.5900000000000001,1708,seingim,0.54,3469
487,bank degroof,degroof petercam,0.44999999999999996,1062,annsophie degroote,0.35,234
488,pauwels,pauwels consulting,0.72,3010,pauze,0.28,3011
489,brouwerij martens,martens  brijs,0.43000000000000005,2551,vrouwennet,0.30000000000000004,4338
490,sodibe,sodexo,0.37,3577,ibens,0.33999999999999997,2000
491,belgische federatie filantropische stichtingen,belgische federale overheidsdiensten,0.43000000000000005,456,magische kerst,0.32999999999999996,2516
492,agfa gevaert,meyvaert,0.36,2632,eval,0.25,1400
493,moodmanagement,moonsmanagement,0.6,2705,goodman,0.5900000000000001,1743
494,kuehne  nagel,kuehnenagel,0.76,2338,nagelmackers,0.20999999999999996,2768
495,halito,dito,0.44999999999999996,1146,vito,0.43999999999999995,4288
496,patroba family bakers,family office,0.39,1457,hasher family estate,0.36,1823
497,smartwithfood,smartwaterloop,0.33999999999999997,3563,go smart,0.27,1732
498,om collective,foodcollective,0.61,1572,equinox collective,0.53,1361
499,o2o,zorgbedrijf meetjesland,0.0,4559,zorgbedrijf antwerpen,0.0,4558
500,laco,pacorini,0.30000000000000004,2980,vivacom,0.29000000000000004,4290
501,dpg media,dpg media,1.0,1182,dpg media advertising,0.65,1181
502,smart presentations,smart consulting,0.33999999999999997,3557,st martins press,0.31999999999999995,3648
503,ion,etion,0.47,1380,artion,0.41000000000000003,296
504,usg professionals,usg professionals,1.0,4155,usg professionals in ict,0.81,4156
505,sligro,sligro food,0.6799999999999999,3544,higrowth,0.36,1886
506,vooruitzicht,werk in het vooruitzicht,0.72,4396,coru,0.28,912
507,ka construct,construct0,0.71,881,sbr construct,0.64,3421
508,lyreco,lyreco,1.0,2503,lyreco deutschland,0.5,2504
509,spacewell,pace pack,0.36,2979,redwire space,0.30000000000000004,3253
510,dsv,dsv road,0.41000000000000003,1199,dsv  global transport and logistics,0.22999999999999998,1198
511,skyscrapers,aperam,0.31000000000000005,252,skydoo,0.19999999999999996,3541
512,mobilityplus,do mobility,0.6,1163,mr mobility,0.6,2730
513,besix infra support,besix,0.43000000000000005,497,public support,0.39,3174
514,movify,mindmoving,0.42000000000000004,2648,moving careers,0.41000000000000003,2720
515,lidl,lidl belgium  luxemburg,0.36,2425,alides,0.36,172
516,actum,defactum,0.6599999999999999,1060,inetum,0.36,2076
517,olv ziekenhuis,olv ziekenhuis aalstasseninove,0.69,2920,olv van lourdes ziekenhuis waregem,0.55,2919
518,as adventure,fun adventure,0.74,1619,asadventure,0.69,304
519,apheabio,vaph,0.26,4212,sphere,0.25,3621
520,qteam,q team,0.6599999999999999,3189,amteam,0.61,219
521,turbulent,turbel,0.42000000000000004,4064,la petite merveille durbuy,0.24,2351
522,beko,bekina,0.4,448,ekotec,0.39,1285
523,fashion society,satisfashion,0.43999999999999995,3418,joy fashion antwerp,0.42000000000000004,2207
524,unilever,unilever,1.0,4106,ever,0.47,1402
525,belorta,xelor,0.54,4493,sporta,0.47,3627
526,woonhaven antwerpen,stad antwerpen,0.44999999999999996,3652,cvo antwerpen,0.43000000000000005,971
527,vijver,creatief schrijven,0.43000000000000005,928,cevora vdab en diverse bedrijven brand kaefer etc,0.28,750
528,actoplus,actos,0.43999999999999995,90,ifacto,0.4,2014
529,brug,stad brugge,0.48,3654,overbruggers,0.44999999999999996,1029
530,aldi,aldi,1.0,165,vivaldis,0.6,4291
531,geosquare,geo square,0.6799999999999999,1685,y squared,0.5700000000000001,4501
532,ecopower,mpowert,0.48,2728,powerland,0.43000000000000005,3120
533,dynapps,dynacap,0.48,1222,appstruct,0.42000000000000004,259
534,foodmaker,foodmaker,1.0,1573,goodman,0.6,1743
535,haribo,trib,0.38,4042,charistar,0.35,765
536,jeco energies,eqos energie,0.47,1356,synergie,0.44999999999999996,3781
537,sika,zorgbedrijf meetjesland,0.0,4559,zorgbedrijf antwerpen,0.0,4558
538,greenyard frozen,greenyard,0.69,1762,rozeke,0.35,3358
539,innomedio,inno,0.55,2094,promedia,0.41000000000000003,3162
540,ambuce rescue team,international rescue committee,0.32999999999999996,2125,q team,0.30000000000000004,3189
541,maes,sonia maes,0.5700000000000001,3598,alkenmaes mechelen,0.4,173
542,manna,manna foods,0.56,2535,tennant,0.37,3852
543,van moer,van moer logistics,0.6599999999999999,4187,van mossel,0.44999999999999996,4191
544,astara,warande,0.33999999999999997,1043,charistar,0.33999999999999997,765
545,fero,ferrero,0.5800000000000001,1500,ferm,0.54,1496
546,kbc,kbc securities,0.36,2259,kbc global services,0.30000000000000004,2258
547,captain jane,captain  stoker,0.52,707,captainwork,0.51,708
548,interne opdrachtgever tbv open vacature,bv op naam van,0.29000000000000004,680,evernex,0.26,1405
549,kingsberry,customerry,0.32999999999999996,968,berry professionals,0.31000000000000005,495
550,lotus bakeries,bakker,0.28,396,moretus ekeren,0.22999999999999998,2708
551,just russel,just pro,0.43000000000000005,2215,in brussels,0.4,2055
552,grizzly marketing,ellenesse marketing,0.45999999999999996,1305,keith marketing,0.44999999999999996,2265
553,kabas recruit,pes recruitment,0.55,3043,generations recruitment,0.47,1676
554,goed,vb vastgoed,0.45999999999999996,4219,vastgoed cw,0.45999999999999996,4216
555,4p square,y squared,0.69,4501,geo square,0.61,1685
556,yontec,yondr,0.44999999999999996,4510,montea,0.4,2698
557,axa,axa,1.0,368,axa bank,0.47,369
558,boels rental,gens rental,0.5700000000000001,1680,atalenta,0.29000000000000004,328
559,gilbert de clercq,albert heijn,0.27,160,clercq  ryheul verzekeringen,0.21999999999999997,1010
560,acc,accent,0.55,66,acco be,0.43999999999999995,70
561,verina bourdon,bordoni,0.32999999999999996,593,ardo,0.29000000000000004,277
562,threon,threon  strategy delivered,0.51,3955,softwareone,0.4,3579
563,toqua,aquafin,0.41000000000000003,263,vivaqua,0.39,4293
564,elmosexperts,elmos,0.65,1307,expo experts,0.45999999999999996,1442
565,g4s global,dps  global,0.56,1183,globant,0.5,1720
566,delhaize,delhaize,1.0,1073,ahold delhaize,0.72,149
567,benedenti,nationalenederlanden bank,0.4,2775,beneo,0.38,479
568,tormans,performanse,0.55,3035,formalia,0.38,1576
569,torfs,orfit,0.49,2959,norfey  sb,0.31999999999999995,2856
570,lannoo uitgeverij,uitgeverij lannoo,0.73,4086,uitgeverij lannoocampus,0.5900000000000001,4087
571,merkado agency,21 agency,0.36,9,other agency,0.35,3919
572,msc,msc cruises,0.4,2733,spectrumschool,0.37,3616
573,desco,abesco,0.5700000000000001,52,bevesco,0.51,512
574,makro cash  carry,horecatotaal  zbcentrale cash  carrys,0.44999999999999996,1920,volvo cars,0.26,4321
575,up time,uptime,0.38,4142,time out,0.32999999999999996,3970
576,tbwa,tbwa,1.0,3818,zorgbedrijf meetjesland,0.0,4559
577,potemkino,tempoteam,0.41000000000000003,3849,totem,0.39,4009
578,top printing,scoop projects,0.31999999999999995,3445,top brands,0.29000000000000004,3996
579,retail performance,performanse,0.5700000000000001,3035,performancce,0.56,3034
580,radikal,radius,0.45999999999999996,3219,lftrading,0.37,2419
581,firstwave,wave,0.49,4371,headfirst,0.42000000000000004,1835
