Column1,cbe_number,cbe_number_formatted,denomination,denomination_with_legal_form,juridical_form,juridical_form_short,juridical_form_id,start_date,address.street,address.street_number,address.box,address.post_code,address.city,address.full_address,contact_infos.email,contact_infos.phone,contact_infos.web,Company Name,valid address
0,567620442,567.620.442,02-Apr,2/4 SPRL,Société privée à responsabilité limitée,SPRL,13,05/11/2014,Van Erstenstraat,30,,2100,Antwerpen,Van Erstenstraat 30 2100 Antwerpen,,,,24+,Yes
1,683740726,683.740.726,"Vereniging van Mede-eigenaars Residentie Kasteelbeek te Kortemark, Lichterveldestraat 24","Vereniging van Mede-eigenaars Residentie Kasteelbeek te Kortemark, Lichterveldestraat 24 Association des copropriétaires",Association des copropriétaires,Association des copropriétaires,32,07/09/2016,Lichterveldestraat,24,,8610,Kortemark,Lichterveldestraat 24 8610 Kortemark,,,,24+,Yes
2,683741617,683.741.617,"Vereniging van Mede-eigenaars Residentie Casa Tivoli te Torhout, Aartrijkestraat 24","Vereniging van Mede-eigenaars Residentie Casa Tivoli te Torhout, Aartrijkestraat 24 Association des copropriétaires",Association des copropriétaires,Association des copropriétaires,32,08/09/2016,Aartrijkestraat,24,,8820,Torhout,Aartrijkestraat 24 8820 Torhout,,,,24+,Yes
3,683743201,683.743.201,"Vereniging van Mede-eigenaars Residentie Verdi te Middelkerke, Parijsstraat 2-4","Vereniging van Mede-eigenaars Residentie Verdi te Middelkerke, Parijsstraat 2-4 Association des copropriétaires",Association des copropriétaires,Association des copropriétaires,32,26/09/2016,Parijsstraat,02-Apr,,8430,Middelkerke,Parijsstraat 2-4 8430 Middelkerke,,,,24+,Yes
4,683796154,683.796.154,"Vereniging van Mede-Eigenaars van het gebouw te 2000 Antwerpen, Graaf Van Egmontstraat 24","Vereniging van Mede-Eigenaars van het gebouw te 2000 Antwerpen, Graaf Van Egmontstraat 24 Association des copropriétaires",Association des copropriétaires,Association des copropriétaires,32,06/09/2017,Graaf van Egmontstraat,24,,2000,Antwerpen,Graaf van Egmontstraat 24 2000 Antwerpen,,,,24+,Yes
5,683801597,683.801.597,"Vereniging van Mede-Eigenaars van het gebouw te 2000 Antwerpen, Haarstraat 24","Vereniging van Mede-Eigenaars van het gebouw te 2000 Antwerpen, Haarstraat 24 Association des copropriétaires",Association des copropriétaires,Association des copropriétaires,32,20/09/2017,Haarstraat,24,,2000,Antwerpen,Haarstraat 24 2000 Antwerpen,,,,24+,Yes
6,684594029,684.594.029,"Vereniging van Mede-eigenaars van het gebouw te 3500 Hasselt, Kapermolenstraat 24 (voorheen Sint Jansstraat/plein)(basisakte 1205-8 dd 05/11/76)","Vereniging van Mede-eigenaars van het gebouw te 3500 Hasselt, Kapermolenstraat 24 (voorheen Sint Jansstraat/plein)(basisakte 1205-8 dd 05/11/76) Association des copropriétaires",Association des copropriétaires,Association des copropriétaires,32,01/08/1995,Kapermolenstraat,24,,3500,Hasselt,Kapermolenstraat 24 3500 Hasselt,,,,24+,Yes
7,684646091,684.646.091,"Vereniging van Mede-Eigenaars van het gebouw Arethusa te 2000 Antwerpen, Verviersstraat 2-4","Vereniging van Mede-Eigenaars van het gebouw Arethusa te 2000 Antwerpen, Verviersstraat 2-4 Association des copropriétaires",Association des copropriétaires,Association des copropriétaires,32,01/08/1995,Verviersstraat,02-Apr,,2000,Antwerpen,Verviersstraat 2-4 2000 Antwerpen,,,,24+,Yes
8,684948672,684.948.672,"VERENIGING VAN MEDE-EIGENAARS RESIDENTIE KERKSTRAAT TE ZULTE(OLSENE), KERKSTRAAT 24","VERENIGING VAN MEDE-EIGENAARS RESIDENTIE KERKSTRAAT TE ZULTE(OLSENE), KERKSTRAAT 24 Association des copropriétaires",Association des copropriétaires,Association des copropriétaires,32,19/09/2017,Kerkstraat,24,,9870,Zulte,Kerkstraat 24 9870 Zulte,,,,24+,Yes
9,685719229,685.719.229,"Vereniging van Mede-eigenaars Residentie Arnaud te Wingene, Oude Bruggestraat 24","Vereniging van Mede-eigenaars Residentie Arnaud te Wingene, Oude Bruggestraat 24 Association des copropriétaires",Association des copropriétaires,Association des copropriétaires,32,01/09/2017,Oude Bruggestraat,24,,8750,Wingene,Oude Bruggestraat 24 8750 Wingene,,,,24+,Yes
10,402683721,402.683.721,3M Belgium,3M Belgium SRL,Société à responsabilité limitée,SRL,129,28/03/1963,Hermeslaan,7,,1831,Machelen (Brab.),Hermeslaan 7 1831 Machelen (Brab.),,,,3M Belgium,Yes
11,426279168,426.279.168,A.M.L.,A.M.L. SRL,Société à responsabilité limitée,SRL,129,26/09/1984,Emiel Vloorsstraat,9,,2020,Antwerpen,Emiel Vloorsstraat 9 2020 Antwerpen,,,,A.M.L.,Yes
12,473617346,473.617.346,AML CLINICAL SERVICES,AML CLINICAL SERVICES SRL,Société à responsabilité limitée,SRL,129,27/12/2000,Tempelzicht(LIN),8,,3210,Lubbeek,Tempelzicht(LIN) 8 3210 Lubbeek,,,,A.M.L.,No
13,637730260,637.730.260,AML Europe,AML Europe SPRL,Société privée à responsabilité limitée,SPRL,13,14/09/2015,Avenue de la Pinède,10,,1380,Lasne,Avenue de la Pinède 10 1380 Lasne,,,,A.M.L.,No
14,643502453,643.502.453,AML,AML SPRL,Société privée à responsabilité limitée,SPRL,13,20/11/2015,Sint-Truidersteenweg,537,,3500,Hasselt,Sint-Truidersteenweg 537 3500 Hasselt,,,,A.M.L.,Yes
15,647665337,647.665.337,AML Company,AML Company SRL,Société à responsabilité limitée,SRL,129,01/02/2016,Kleine Heresteeg,87,2,3530,Houthalen-Helchteren,Kleine Heresteeg 87 2 3530 Houthalen-Helchteren,,,,A.M.L.,Yes
16,653859083,653.859.083,AML & C°,AML & C° SCRL,Société coopérative à responsabilité limitée,SCRL,6,09/05/2016,Meere Goor,9,,2460,Kasterlee,Meere Goor 9 2460 Kasterlee,,,,A.M.L.,Yes
17,654891936,654.891.936,Arno Management limited (AML),Arno Management limited (AML),Entité étrangère,,27,23/05/2016,Elia Zammit Street,-,,3155,St. Julians,Elia Zammit Street - 3155 St. Julians,,,,A.M.L.,No
18,665803743,665.803.743,AML MANAGEMENT,AML MANAGEMENT SRL,Société à responsabilité limitée,SRL,129,07/11/2016,Boulevard Sylvain Dupuis,356,2,1070,Anderlecht,Boulevard Sylvain Dupuis 356 2 1070 Anderlecht,,,,A.M.L.,Yes
19,670726393,670.726.393,MS Amlin Marine,MS Amlin Marine SA,Société anonyme,SA,12,31/12/2008,Boulevard du Roi AlbertII,37,,1030,Schaerbeek,Boulevard du Roi AlbertII 37 1030 Schaerbeek,,,,A.M.L.,Yes
20,676472555,676.472.555,AML MOTORS,AML MOTORS SComm,Société en commandite simple,SComm,10,01/06/2017,Boutersemdreef,30A,,2240,Zandhoven,Boutersemdreef 30A 2240 Zandhoven,,,,A.M.L.,Yes
21,475295446,475.295.446,ABLYNX,ABLYNX SA,Société anonyme,SA,12,13/07/2001,Technologiepark-Zwijnaarde,21,,9052,Gent,Technologiepark-Zwijnaarde 21 9052 Gent,,,,ABLYNX,Yes
22,427191463,427.191.463,ACCENT,ACCENT ASBL,Association sans but lucratif,ASBL,15,22/02/1985,Vijversstraat,52,,3500,Hasselt,Vijversstraat 52 3500 Hasselt,,,,ACCENT GROUP,Yes
23,428014379,428.014.379,Accent,Accent SA,Société anonyme,SA,12,14/11/1985,Westlaan,2,,8560,Wevelgem,Westlaan 2 8560 Wevelgem,,,,ACCENT GROUP,Yes
24,435216234,435.216.234,ACCENT,ACCENT SRL,Société à responsabilité limitée,SRL,129,20/09/1988,Waversesteenweg,41,,2580,Putte,Waversesteenweg 41 2580 Putte,,,,ACCENT GROUP,Yes
25,435807142,435.807.142,ACCENT,ACCENT SPRL,Société privée à responsabilité limitée,SPRL,13,14/11/1988,Nowélei (Jean Baptiste),49,,1800,Vilvoorde,Nowélei (Jean Baptiste) 49 1800 Vilvoorde,,,,ACCENT GROUP,Yes
26,476762126,476.762.126,FIRST - ACCENT,FIRST - ACCENT SRL,Société à responsabilité limitée,SRL,129,05/02/2002,Voorstehoeve,2,,1730,Asse,Voorstehoeve 2 1730 Asse,bastiaan.asselman@first-accent.be,0485 644 117,,ACCENT GROUP,Yes
27,476971467,476.971.467,ACCENT - INTERIEUR,ACCENT - INTERIEUR SRL,Société à responsabilité limitée,SRL,129,03/03/2002,Industrieweg-Zuid,1362,,3520,Zonhoven,Industrieweg-Zuid 1362 3520 Zonhoven,,,,ACCENT GROUP,Yes
28,525677840,525.677.840,Accent Packaging Inc,Accent Packaging Inc,Entité étrangère,,27,01/02/2013,Fm 2920 Road,10131,,77375,Tomball TX,Fm 2920 Road 10131 77375 Tomball TX,,,,ACCENT GROUP,No
29,555979353,555.979.353,ACCENT Hotels,ACCENT Hotels SPRL,Société privée à responsabilité limitée,SPRL,13,24/06/2014,Kwadestraat,149B,,8800,Roeselare,Kwadestraat 149B 8800 Roeselare,,,,ACCENT GROUP,Yes
30,631938667,631.938.667,Accent Jobs For People bv,Accent Jobs For People bv,Entité étrangère,,27,24/02/2014,Tramsingel,15,,4814 AB,Breda,Tramsingel 15 4814 AB Breda,,,,ACCENT GROUP,No
31,681756184,681.756.184,VCC Accent,VCC Accent SPRL,Société privée à responsabilité limitée,SPRL,13,26/09/2017,Rue de Verrewinkel,69,,1180,Uccle,Rue de Verrewinkel 69 1180 Uccle,,,,ACCENT GROUP,Yes
32,451781854,451.781.854,ACROS ORGANICS,ACROS ORGANICS SRL,Société à responsabilité limitée,SRL,129,14/01/1994,Janssen-Pharmaceuticalaan,3,A,2440,Geel,Janssen-Pharmaceuticalaan 3 A 2440 Geel,,,,ACROS ORGANICS,Yes
33,433344035,433.344.035,Actief Interim,Actief Interim SA,Société anonyme,SA,12,15/02/1988,Bosstraat,67,2,3560,Lummen,Bosstraat 67 2 3560 Lummen,,,,Actief Interim,Yes
34,458352912,458.352.912,PESTICIDES ACTION NETWORK (BELGIUM),PESTICIDES ACTION NETWORK (BELGIUM) ASBL,Association sans but lucratif,ASBL,15,06/03/1996,Rue du Prévôt,131,,1050,Ixelles,Rue du Prévôt 131 1050 Ixelles,,,,Action Belgium,Yes
35,551901987,551.901.987,"EAST BELGIUM ACTION, FUN & KARTING CENTER","EAST BELGIUM ACTION, FUN & KARTING CENTER SPRL",Société privée à responsabilité limitée,SPRL,13,29/04/2014,Kerpener Strasse,5,0/3,4780,Sankt Vith,Kerpener Strasse 5 0/3 4780 Sankt Vith,,,,Action Belgium,No
36,400624648,400.624.648,ADB SAFEGATE,ADB SAFEGATE SRL,Société à responsabilité limitée,SRL,129,01/03/1937,Leuvensesteenweg,585,,1930,Zaventem,Leuvensesteenweg 585 1930 Zaventem,,,,ADB SAFEGATE,Yes
37,678489165,678.489.165,ADB Safegate Luxembourg 2 S.a.r.l.,ADB Safegate Luxembourg 2 S.a.r.l.,Entité étrangère,,27,12/07/2017,avenue Charles de Gaulle,2,,1653,Luxembourg,avenue Charles de Gaulle 2 1653 Luxembourg,,,,ADB SAFEGATE,No
38,678588442,678.588.442,ADB SAFEGATE BELGIUM,ADB SAFEGATE BELGIUM SRL,Société à responsabilité limitée,SRL,129,14/07/2017,Leuvensesteenweg,585,,1930,Zaventem,Leuvensesteenweg 585 1930 Zaventem,,,,ADB SAFEGATE,Yes
39,404221962,404.221.962,ADECCO PERSONNEL SERVICES,ADECCO PERSONNEL SERVICES SA,Société anonyme,SA,12,28/09/1961,Noordkustlaan,16,b,1702,Dilbeek,Noordkustlaan 16 b 1702 Dilbeek,,,,ADECCO PERSONNEL SERVICES,Yes
40,425815647,425.815.647,Advices for Technical Systems,Advices for Technical Systems SA,Société anonyme,SA,12,17/05/1984,Karel De Roosestraat,15,,9820,Merelbeke,Karel De Roosestraat 15 9820 Merelbeke,,,,Advices for Technical Systems,Yes
41,440535396,440.535.396,A&E,A&E SRL,Société à responsabilité limitée,SRL,129,03/04/1990,Weg naar As,155,,3600,Genk,Weg naar As 155 3600 Genk,,,,AE,Yes
42,466550303,466.550.303,AE,AE SA,Société anonyme,SA,12,28/07/1999,Interleuvenlaan,27B,,3001,Leuven,Interleuvenlaan 27B 3001 Leuven,,,,AE,Yes
43,645654962,645.654.962,AE INVEST,AE INVEST SPRL,Société privée à responsabilité limitée,SPRL,13,06/01/2016,Clos du Petit Mayeur,8,,1380,Lasne,Clos du Petit Mayeur 8 1380 Lasne,,,,AE,No
44,647968017,647.968.017,"Deel VME van het Gebouwencomplex Rijkswachtkazerne, GEBOUW A-E, te 2000 Antwerpen, Korte Vlierstraat 6-14 en Kloosterstraat 71-75 en 99","Deel VME van het Gebouwencomplex Rijkswachtkazerne, GEBOUW A-E, te 2000 Antwerpen, Korte Vlierstraat 6-14 en Kloosterstraat 71-75 en 99 Association des copropriétaires",Association des copropriétaires,Association des copropriétaires,32,02/03/2016,Korte Vlierstraat,Jun-14,,2000,Antwerpen,Korte Vlierstraat 6-14 2000 Antwerpen,,,,AE,Yes
45,661738354,661.738.354,AE Creative home concept,AE Creative home concept SRL,Société à responsabilité limitée,SRL,129,26/08/2016,Smisstraat(STG),17,,9200,Dendermonde,Smisstraat(STG) 17 9200 Dendermonde,,,,AE,No
46,662373705,662.373.705,AE PROJECT SOLUTIONS,AE PROJECT SOLUTIONS SComm,Société en commandite,SComm,130,01/09/2016,Het Einde,33,,2370,Arendonk,Het Einde 33 2370 Arendonk,,,,AE,Yes
47,666396136,666.396.136,BTW-eenheid AE,BTW-eenheid AE Unité TVA,Unité TVA,Unité TVA,3,01/12/2016,Industriedijk,14,,2300,Turnhout,Industriedijk 14 2300 Turnhout,,,,AE,Yes
48,666579050,666.579.050,AE PLEISTERWERK,AE PLEISTERWERK SRL,Société à responsabilité limitée,SRL,129,22/11/2016,Europaplein(E),4A,3,3630,Maasmechelen,Europaplein(E) 4A 3 3630 Maasmechelen,,,,AE,No
49,670920888,670.920.888,A&E Bouw,A&E Bouw SRL,Société à responsabilité limitée,SRL,129,09/02/2017,Gustaaf De Smetlaan,10,,2630,Aartselaar,Gustaaf De Smetlaan 10 2630 Aartselaar,,,,AE,Yes
50,677923793,677.923.793,Gebroeders AE,Gebroeders AE SPRL,Société privée à responsabilité limitée,SPRL,13,05/07/2017,Jules Moretuslei,307,,2610,Antwerpen,Jules Moretuslei 307 2610 Antwerpen,,,,AE,Yes
51,403003524,403.003.524,Agfa HealthCare,Agfa HealthCare SA,Société anonyme,SA,12,06/08/1950,Septestraat,27,,2640,Mortsel,Septestraat 27 2640 Mortsel,,,,Agfa HealthCare,Yes
52,478971449,478.971.449,Agilitas Group,Agilitas Group SA,Société anonyme,SA,12,17/12/2002,Stationsstraat,120,,2800,Mechelen,Stationsstraat 120 2800 Mechelen,,,,Agilitas Group,Yes
53,425038558,425.038.558,AGRISTO,AGRISTO SA,Société anonyme,SA,12,20/12/1983,Ridder de Ghellinckstraat,9,,8710,Wielsbeke,Ridder de Ghellinckstraat 9 8710 Wielsbeke,,,,AGRISTO,Yes
54,432330978,432.330.978,AGRISTO NAZARETH,AGRISTO NAZARETH SA,Société anonyme,SA,12,06/11/1987,Venecoweg,12,,9810,Nazareth,Venecoweg 12 9810 Nazareth,,,,AGRISTO,Yes
55,457652730,457.652.730,AIR LIQUIDE INDUSTRIES BELGIUM,AIR LIQUIDE INDUSTRIES BELGIUM SA,Société anonyme,SA,12,29/03/1996,Avenue du Bourget,44,,1130,Bruxelles,Avenue du Bourget 44 1130 Bruxelles,christelle.delat@airliquide.com,486980153,,AIR LIQUIDE INDUSTRIES BELGIUM,Yes
56,402052330,402.052.330,Air Products,Air Products SA,Société anonyme,SA,12,18/12/1964,Leonardo da Vincilaan,19C,4,1831,Machelen (Brab.),Leonardo da Vincilaan 19C 4 1831 Machelen (Brab.),lefevek@airproducts.com,3226749404,,Air Products,Yes
57,419157091,419.157.091,Air Products Nitrogen Services,Air Products Nitrogen Services Entité étrangère sans établissement belge avec représentant responsable TVA,Entité étrangère sans établissement belge avec représentant responsable TVA,Entité étrangère sans établissement belge avec représentant responsable TVA,64,05/02/1979,West Tenth Street,100,,,Wilmington Delaware,West Tenth Street 100 Wilmington Delaware,,,,Air Products,No
58,419506588,419.506.588,Air Products Nederland,Air Products Nederland Entité étrangère sans établissement belge avec représentant responsable TVA,Entité étrangère sans établissement belge avec représentant responsable TVA,Entité étrangère sans établissement belge avec représentant responsable TVA,64,04/07/1979,Noordkade,100,,2741 GA,Waddinxveen,Noordkade 100 2741 GA Waddinxveen,,,,Air Products,No
59,436878991,436.878.991,AIR PRODUCTS MANAGEMENT,AIR PRODUCTS MANAGEMENT SRL,Société à responsabilité limitée,SRL,129,24/02/1989,Leonardo da Vincilaan,19C,4,1831,Machelen (Brab.),Leonardo da Vincilaan 19C 4 1831 Machelen (Brab.),,,,Air Products,Yes
60,437240663,437.240.663,Air Products PLC,Air Products PLC Entité étrangère sans établissement belge avec représentant responsable TVA,Entité étrangère sans établissement belge avec représentant responsable TVA,Entité étrangère sans établissement belge avec représentant responsable TVA,64,21/04/1989,Hersham Place Molesey road,,,,Walton on Thames,Hersham Place Molesey road Walton on Thames,,,,Air Products,No
61,447730917,447.730.917,AIR PRODUCTS SA,AIR PRODUCTS SA Entité étrangère sans établissement belge avec représentant responsable TVA,Entité étrangère sans établissement belge avec représentant responsable TVA,Entité étrangère sans établissement belge avec représentant responsable TVA,64,13/07/1992,Centre Paris Pleyel,,,,Saint Denis,Centre Paris Pleyel Saint Denis,,,,Air Products,No
62,465492211,465.492.211,AIR PRODUCTS AND CHAMICALS INC.,AIR PRODUCTS AND CHAMICALS INC. Entité étrangère sans établissement belge avec représentant responsable TVA,Entité étrangère sans établissement belge avec représentant responsable TVA,Entité étrangère sans établissement belge avec représentant responsable TVA,64,25/03/1999,Hamilton Boulevard,7201,,,Allentown,Hamilton Boulevard 7201 Allentown,,,,Air Products,No
63,466323936,466.323.936,AIR PRODUCTS (CHEMICALS) TESSIDE  LTD,AIR PRODUCTS (CHEMICALS) TESSIDE  LTD Entité étrangère sans établissement belge avec représentant responsable TVA,Entité étrangère sans établissement belge avec représentant responsable TVA,Entité étrangère sans établissement belge avec représentant responsable TVA,64,09/07/1999,"Hersham Place, Molesey Road, 41-",,,,Walton on Thames,"Hersham Place, Molesey Road, 41- Walton on Thames",,,,Air Products,No
64,501757838,501.757.838,Air Products SAS,Air Products SAS,Entité étrangère,,27,15/08/2010,Rue Championnet,78,,75018,Paris Cedex 18,Rue Championnet 78 75018 Paris Cedex 18,,,,Air Products,No
65,647658112,647.658.112,Air Products (Chemicals) Public Ltd,Air Products (Chemicals) Public Ltd,Entité étrangère,,27,01/03/2016,Harsham Pl Techn Park Molesey R,0,,KT12 4RZ,Walton-on-Thames,Harsham Pl Techn Park Molesey R 0 KT12 4RZ Walton-on-Thames,,,,Air Products,No
66,403078352,403.078.352,AJINOMOTO OMNICHEM,AJINOMOTO OMNICHEM SA,Société anonyme,SA,12,19/04/1946,Cooppallaan,91,,9230,Wetteren,Cooppallaan 91 9230 Wetteren,,,,AJINOMOTO OMNICHEM,Yes
67,435968478,435.968.478,Akkodis Belgium,Akkodis Belgium SA,Société anonyme,SA,12,30/11/1988,Avenue Jules Bordet,168,,1140,Evere,Avenue Jules Bordet 168 1140 Evere,,,,Akkodis Belgium,Yes
68,405746050,405.746.050,AKZO NOBEL PAINTS BELGIUM,AKZO NOBEL PAINTS BELGIUM SA,Société anonyme,SA,12,16/03/1904,Leuvensesteenweg,248,B,1800,Vilvoorde,Leuvensesteenweg 248 B 1800 Vilvoorde,,,,AKZO NOBEL PAINTS BELGIUM,Yes
69,437892147,437.892.147,HEIJN ALBERT,HEIJN ALBERT Entité étrangère sans établissement belge avec représentant responsable TVA,Entité étrangère sans établissement belge avec représentant responsable TVA,Entité étrangère sans établissement belge avec représentant responsable TVA,64,31/07/1989,Ankersmidplein,2,,1506 CK,Zaandam,Ankersmidplein 2 1506 CK Zaandam,,,,Albert Heijn België,No
70,402134977,402.134.977,Alcon - Couvreur,Alcon - Couvreur SA,Société anonyme,SA,12,01/01/1962,Rijksweg,14,,2870,Puurs-Sint-Amands,Rijksweg 14 2870 Puurs-Sint-Amands,,,,Alcon - Couvreur,Yes
71,403837823,403.837.823,Aldi,Aldi SA,Société anonyme,SA,12,15/02/1948,Veedijk,49,,2300,Turnhout,Veedijk 49 2300 Turnhout,,,,Aldi,Yes
72,414881767,414.881.767,ALDI,ALDI SA,Société anonyme,SA,12,06/05/1975,Kachtemsestraat,200,,8800,Roeselare,Kachtemsestraat 200 8800 Roeselare,,,,Aldi,Yes
73,422096389,422.096.389,ALDI,ALDI SA,Société anonyme,SA,12,09/11/1981,Keerstraat,4,,9420,Erpe-Mere,Keerstraat 4 9420 Erpe-Mere,MIKE.GOOSSENS@ALDI.BE,3253827881,WWW.ALDI.BE,Aldi,Yes
74,425282642,425.282.642,Aldi,Aldi SA,Société anonyme,SA,12,21/12/1983,"Ch.Château-de-Golzinnes,Isnes",10,,5032,Gembloux,"Ch.Château-de-Golzinnes,Isnes 10 5032 Gembloux",,,,Aldi,No
75,428805821,428.805.821,ALDI INKOOP,ALDI INKOOP SA,Société anonyme,SA,12,17/04/1986,Keerstraat,4,,9420,Erpe-Mere,Keerstraat 4 9420 Erpe-Mere,,,,Aldi,Yes
76,445596125,445.596.125,ALDI,ALDI SA,Société anonyme,SA,12,04/11/1991,Boterbosstraat,9,,3550,Heusden-Zolder,Boterbosstraat 9 3550 Heusden-Zolder,,,,Aldi,Yes
77,449913318,449.913.318,ALDI,ALDI SA,Société anonyme,SA,12,23/04/1993,Parc artisanal de Villeroux,4,,6640,Vaux-sur-Sûre,Parc artisanal de Villeroux 4 6640 Vaux-sur-Sûre,,,,Aldi,No
78,456815659,456.815.659,ALDI HOLDING,ALDI HOLDING SA,Société anonyme,SA,12,22/12/1995,Keerstraat,4,,9420,Erpe-Mere,Keerstraat 4 9420 Erpe-Mere,,,,Aldi,Yes
79,465569910,465.569.910,ALDI,ALDI SA,Société anonyme,SA,12,03/03/1999,Erasmuslaan,20,,1804,Zemst,Erasmuslaan 20 1804 Zemst,,,,Aldi,No
80,633846104,633.846.104,BTW-EENHEID ALDI,BTW-EENHEID ALDI Unité TVA,Unité TVA,Unité TVA,3,01/08/2015,Keerstraat,4,,9420,Erpe-Mere,Keerstraat 4 9420 Erpe-Mere,,053/82.72.89,,Aldi,Yes
81,424664713,424.664.713,Alken-Maes All Services,Alken-Maes All Services SA,Société anonyme,SA,12,05/09/1983,Blarenberglaan,3C,2,2800,Mechelen,Blarenberglaan 3C 2 2800 Mechelen,,,,Alken-Maes,Yes
82,508449056,508.449.056,ALLIA INSURANCE BROKERS,ALLIA INSURANCE BROKERS SA,Société anonyme,SA,12,06/12/2012,Kwadestraat,157,51,8800,Roeselare,Kwadestraat 157 51 8800 Roeselare,,,,ALLIA INSURANCE BROKERS,Yes
83,643560356,643.560.356,Allnex Holdings S.à r.l.,Allnex Holdings S.à r.l.,Entité étrangère,,27,29/09/2015,Grand Rue,76,,1660,Luxemburg,Grand Rue 76 1660 Luxemburg,,,,ALLNEX BELGIUM,No
84,643980723,643.980.723,ALLNEX  NORWAY AS,ALLNEX  NORWAY AS,Entité étrangère,,27,09/12/2015,SVELLEVEIEN,33,,2004,LILLESTROM,SVELLEVEIEN 33 2004 LILLESTROM,+47 63897200,+47 63897200,,ALLNEX BELGIUM,No
85,445781316,445.781.316,ALPHA CREDIT,ALPHA CREDIT SA,Société anonyme,SA,12,28/11/1991,Rue Montagne du Parc,8,3,1000,Bruxelles,Rue Montagne du Parc 8 3 1000 Bruxelles,,,,ALPHA CREDIT,Yes
86,438973597,438.973.597,ALPHABET BELGIUM LONG TERM RENTAL,ALPHABET BELGIUM LONG TERM RENTAL SA,Société anonyme,SA,12,24/11/1989,Ingberthoeveweg,6,,2630,Aartselaar,Ingberthoeveweg 6 2630 Aartselaar,,,,ALPHABET BELGIUM LONG TERM RENTAL,Yes
87,420429375,420.429.375,ALPRO,ALPRO SA,Société anonyme,SA,12,27/05/1980,Vlamingstraat,28,,8560,Wevelgem,Vlamingstraat 28 8560 Wevelgem,,,,ALPRO,Yes
88,422678785,422.678.785,ALPROCO,ALPROCO SPRL,Société privée à responsabilité limitée,SPRL,13,,Stadswaag,14,,2000,Antwerpen,Stadswaag 14 2000 Antwerpen,,,,ALPRO,Yes
89,445093408,445.093.408,AL-PRO TRANS,AL-PRO TRANS SPRL,Société privée à responsabilité limitée,SPRL,13,17/09/1991,Berrélei,20,,2930,Brasschaat,Berrélei 20 2930 Brasschaat,,,,ALPRO,Yes
90,457983124,457.983.124,Alpro Foundation,Alpro Foundation ASBL,Association sans but lucratif,ASBL,15,23/02/1996,Vlamingstraat,28,,8560,Wevelgem,Vlamingstraat 28 8560 Wevelgem,,,,ALPRO,Yes
91,476296328,476.296.328,ALPROSA,ALPROSA SRL,Société à responsabilité limitée,SRL,129,11/12/2001,Rue Daumerie,70,,1471,Genappe,Rue Daumerie 70 1471 Genappe,alprosageo@hotmail.com,,,ALPRO,No
92,670517745,670.517.745,Alpro Nederland B.V.,Alpro Nederland B.V.,Entité étrangère,,27,01/01/2017,Hoge Mosten,22,,4822NH,Breda,Hoge Mosten 22 4822NH Breda,,,,ALPRO,No
93,670517844,670.517.844,Alpro Uk Ltd.,Alpro Uk Ltd.,Entité étrangère,,27,,"Latimer Business Park, Altendiez",-,,NN15 5YT,Northamtonshire,"Latimer Business Park, Altendiez - NN15 5YT Northamtonshire",,,,ALPRO,No
94,404000446,404.000.446,Altrad Services,Altrad Services SA,Société anonyme,SA,12,01/01/1968,Aven Ackers(VER),10,,9130,Beveren,Aven Ackers(VER) 10 9130 Beveren,,,,Altrad Services,Yes
95,403045292,403.045.292,Aluminium Duffel,Aluminium Duffel SRL,Société à responsabilité limitée,SRL,129,23/05/1946,A. Stocletlaan,87,,2570,Duffel,A. Stocletlaan 87 2570 Duffel,info.duffel@aluminiumduffel.com,+32 15 302111,www.alvancealuminiumduffel.com,Aluminium Duffel,Yes
96,403526730,403.526.730,AMCOR FLEXIBLES TRANSPAC,AMCOR FLEXIBLES TRANSPAC SRL,Société à responsabilité limitée,SRL,129,01/01/1929,Ottergemsesteenweg-Zuid,801,,9000,Gent,Ottergemsesteenweg-Zuid 801 9000 Gent,,092 408 211,WWW.AMCOR.COM,AMCOR FLEXIBLES TRANSPAC,Yes
97,418975266,418.975.266,Amplifon Belgium,Amplifon Belgium SA,Société anonyme,SA,12,05/12/1978,Alfons Gossetlaan,40,1,1702,Dilbeek,Alfons Gossetlaan 40 1 1702 Dilbeek,waterloo_be@amplifon.com,02 345 97 43,,Amplifon Belgium,Yes
98,420246659,420.246.659,Anglo Belgian Corporation,Anglo Belgian Corporation SA,Société anonyme,SA,12,27/03/1980,Wiedauwkaai,43,,9000,Gent,Wiedauwkaai 43 9000 Gent,,,,Anglo Belgian Corporation,Yes
99,437593328,437.593.328,ANSELL HEALTHCARE EUROPE,ANSELL HEALTHCARE EUROPE SA,Société anonyme,SA,12,26/05/1989,Boulevard International,55,,1070,Anderlecht,Boulevard International 55 1070 Anderlecht,,,,ANSELL HEALTHCARE EUROPE,Yes
100,534776242,534.776.242,ANTARGAZ SA,ANTARGAZ SA,Entité étrangère,,27,01/06/2013,PLACE DE SAVERNE,3,,92901,PARIS LA DEFENSE CEDEX,PLACE DE SAVERNE 3 92901 PARIS LA DEFENSE CEDEX,,+33 141887000,,ANTARGAZ  BELGIUM,No
101,426531863,426.531.863,AON BELGIUM,AON BELGIUM SRL,Société à responsabilité limitée,SRL,129,02/04/1984,Telecomlaan,05-Jul,,1831,Machelen (Brab.),Telecomlaan 5-7 1831 Machelen (Brab.),,,,AON BELGIUM,Yes
102,401277914,401.277.914,APERAM STAINLESS BELGIUM,APERAM STAINLESS BELGIUM SA,Société anonyme,SA,12,10/03/1961,Swinnenwijerweg,5,,3600,Genk,Swinnenwijerweg 5 3600 Genk,helga.baeten@aperam.com,089 365600,,APERAM STAINLESS BELGIUM,Yes
103,447875427,447.875.427,APOK,APOK SA,Société anonyme,SA,12,26/06/1992,Oudestraat,11,,1910,Kampenhout,Oudestraat 11 1910 Kampenhout,,,,APOK,Yes
104,440691388,440.691.388,AQUAFIN,AQUAFIN SA,Société anonyme,SA,12,25/04/1990,Dijkstraat,8,,2630,Aartselaar,Dijkstraat 8 2630 Aartselaar,,,,AQUAFIN,Yes
105,426682709,426.682.709,ARCADIS BELGIUM,ARCADIS BELGIUM SA,Société anonyme,SA,12,02/01/1985,Rue du Marquis,1,,1000,Bruxelles,Rue du Marquis 1 1000 Bruxelles,,,,ARCADIS BELGIUM,Yes
106,642639648,642.639.648,ARCADIS BELGIUM - NEY & PARTNERS,ARCADIS BELGIUM - NEY & PARTNERS Société ou association sans personnalité juridique,Société ou association sans personnalité juridique,Société ou association sans personnalité juridique,141,04/11/2015,Borsbeeksebrug,22,,2600,Antwerpen,Borsbeeksebrug 22 2600 Antwerpen,0486 642 981,0486 642 981,,ARCADIS BELGIUM,Yes
107,683608983,683.608.983,THV Antea Belgium - Arcadis Belgium - Sweco Belgium,THV Antea Belgium - Arcadis Belgium - Sweco Belgium Société ou association sans personnalité juridique,Société ou association sans personnalité juridique,Société ou association sans personnalité juridique,141,02/06/2017,Roderveldlaan,1,,2600,Antwerpen,Roderveldlaan 1 2600 Antwerpen,Ann.Hostyn@anteagroup.com,03/221.55.00,,ARCADIS BELGIUM,Yes
108,469101403,469.101.403,Cultural African Arts and Development,Cultural African Arts and Development ASBL,Association sans but lucratif,ASBL,15,01/09/1999,Lange Riddersstraat,62,6,2000,Antwerpen,Lange Riddersstraat 62 6 2000 Antwerpen,,476553655,,ARHS Developments Belgium,Yes
109,436781102,436.781.102,ARVAL BELGIUM,ARVAL BELGIUM SA,Société anonyme,SA,12,16/02/1989,Ikaroslaan,99,,1930,Zaventem,Ikaroslaan 99 1930 Zaventem,,,,ARVAL BELGIUM,Yes
110,462097706,462.097.706,ARVESTA LOGISTICS,ARVESTA LOGISTICS SRL,Société à responsabilité limitée,SRL,129,12/12/1997,Aarschotsesteenweg,84,,3012,Leuven,Aarschotsesteenweg 84 3012 Leuven,,,,Arvesta Belgium,Yes
111,466854268,466.854.268,Sociaal Fonds Arvesta,Sociaal Fonds Arvesta ASBL,Association sans but lucratif,ASBL,15,12/04/1999,Aarschotsesteenweg,84,,3012,Leuven,Aarschotsesteenweg 84 3012 Leuven,,,,Arvesta Belgium,Yes
112,441428489,441.428.489,ASCO INDUSTRIES,ASCO INDUSTRIES SA,Société anonyme,SA,12,28/09/1990,Weiveldlaan,2,,1930,Zaventem,Weiveldlaan 2 1930 Zaventem,,,,ASCO INDUSTRIES,Yes
113,432549427,432.549.427,ASTRA SWEETS,ASTRA SWEETS SA,Société anonyme,SA,12,20/11/1987,Bleukenlaan,18,,2300,Turnhout,Bleukenlaan 18 2300 Turnhout,,,,ASTRA SWEETS,Yes
114,400165679,400.165.679,AstraZeneca,AstraZeneca SA,Société anonyme,SA,12,28/11/1948,Alfons Gossetlaan,40,201,1702,Dilbeek,Alfons Gossetlaan 40 201 1702 Dilbeek,,,,AstraZeneca,Yes
115,452299023,452.299.023,FOUNDATION AstraZeneca,FOUNDATION AstraZeneca Fondation d'utilité publique,Fondation d'utilité publique,Fondation d'utilité publique,26,10/03/1994,Alfons Gossetlaan,40,201,1702,Dilbeek,Alfons Gossetlaan 40 201 1702 Dilbeek,,,,AstraZeneca,Yes
116,470330234,470.330.234,ASTRAZENECA UK LTD,ASTRAZENECA UK LTD Entité étrangère sans établissement belge avec représentant responsable TVA,Entité étrangère sans établissement belge avec représentant responsable TVA,Entité étrangère sans établissement belge avec représentant responsable TVA,64,08/02/2000,FRANCIS CRICK AVENUE,1,,CB2 OAA,CAMBRIDGE,FRANCIS CRICK AVENUE 1 CB2 OAA CAMBRIDGE,,+44 2037495000,,AstraZeneca,No
117,635486986,635.486.986,ASTRAZENECA DUNKERQUE PRODUCTION SCS,ASTRAZENECA DUNKERQUE PRODUCTION SCS,Entité étrangère,,27,12/08/2015,AVENUE DE LA DORDOGNE,224,41,59640,DUNKERQUE,AVENUE DE LA DORDOGNE 224 41 59640 DUNKERQUE,+33 328586842,+33 328586842,,AstraZeneca,No
118,425260272,425.260.272,ATHLON CAR LEASE BELGIUM,ATHLON CAR LEASE BELGIUM SA,Société anonyme,SA,12,01/01/1984,Peutiesesteenweg,115,,1830,Machelen (Brab.),Peutiesesteenweg 115 1830 Machelen (Brab.),,,,ATHLON CAR LEASE BELGIUM,Yes
119,439308644,439.308.644,ATHLON CAR LEASE RENTAL SERVICES BELGIUM,ATHLON CAR LEASE RENTAL SERVICES BELGIUM SA,Société anonyme,SA,12,19/12/1989,Peutiesesteenweg,115,,1830,Machelen (Brab.),Peutiesesteenweg 115 1830 Machelen (Brab.),,,,ATHLON CAR LEASE BELGIUM,Yes
120,403992231,403.992.231,Atlas Copco Airpower,Atlas Copco Airpower SA,Société anonyme,SA,12,21/06/1937,Boomsesteenweg,957,,2610,Antwerpen,Boomsesteenweg 957 2610 Antwerpen,,,,Atlas Copco Airpower,Yes
121,452503614,452.503.614,ATLAS COPCO RENTAL EUROPE,ATLAS COPCO RENTAL EUROPE SA,Société anonyme,SA,12,05/04/1994,Industrieweg,1 F,,2850,Boom,Industrieweg 1 F 2850 Boom,,,,ATLAS COPCO RENTAL EUROPE,Yes
122,403075580,403.075.580,AURUBIS BEERSE,AURUBIS BEERSE SA,Société anonyme,SA,12,10/11/1919,Nieuwe dreef,33,,2340,Beerse,Nieuwe dreef 33 2340 Beerse,,,,AURUBIS BEERSE,Yes
123,403075580,403.075.580,AURUBIS BEERSE,AURUBIS BEERSE SA,Société anonyme,SA,12,10/11/1919,Nieuwe dreef,33,,2340,Beerse,Nieuwe dreef 33 2340 Beerse,,,,AURUBIS OLEN,Yes
124,441511237,441.511.237,AUTO 50 ROELANS,AUTO 50 ROELANS SA,Société anonyme,SA,12,03/10/1990,Chaussée d'Anvers,393,,1000,Bruxelles,Chaussée d'Anvers 393 1000 Bruxelles,,,,AUTO 5,Yes
125,447265812,447.265.812,AUTO 5,AUTO 5 SA,Société anonyme,SA,12,30/04/1992,Boulevard Paepsem,20,,1070,Anderlecht,Boulevard Paepsem 20 1070 Anderlecht,,,,AUTO 5,Yes
126,550996226,550.996.226,"Vereniging van Mede-eigenaars Residentie Sirenuse II, Mermaid II & complex auto- stand &bergplaatsen te 8620 Nieuwpoort, Zeedijk 54 / Albert I Laan 202","Vereniging van Mede-eigenaars Residentie Sirenuse II, Mermaid II & complex auto- stand &bergplaatsen te 8620 Nieuwpoort, Zeedijk 54 / Albert I Laan 202 Association des copropriétaires",Association des copropriétaires,Association des copropriétaires,32,01/08/1995,Zeedijk,54,,8620,Nieuwpoort,Zeedijk 54 8620 Nieuwpoort,,,,AUTO 5,Yes
127,414555036,414.555.036,Autogrill België,Autogrill België SA,Société anonyme,SA,12,26/09/1974,Luchthaven Brussel Nationaal,-,,1930,Zaventem,Luchthaven Brussel Nationaal - 1930 Zaventem,,,,Autogrill België,Yes
128,400824586,400.824.586,Autoveiligheid,Autoveiligheid SA,Société anonyme,SA,12,14/12/1949,Brusselsesteenweg,460,,2800,Mechelen,Brusselsesteenweg 460 2800 Mechelen,,,,Autoveiligheid,Yes
129,404754274,404.754.274,AVA - PAPIERWAREN,AVA - PAPIERWAREN SA,Société anonyme,SA,12,21/09/1956,Kapelanielaan,6,,9140,Temse,Kapelanielaan 6 9140 Temse,,0032 3 771 55 91,,AVA - PAPIERWAREN,Yes
130,414794368,414.794.368,AVERY DENNISON BELGIE,AVERY DENNISON BELGIE SRL,Société à responsabilité limitée,SRL,129,14/11/1974,Tieblokkenlaan,1,,2300,Turnhout,Tieblokkenlaan 1 2300 Turnhout,,,,AVERY DENNISON BELGIE,Yes
131,404529392,404.529.392,Aviapartner Belgium,Aviapartner Belgium SA,Société anonyme,SA,12,17/01/1961,Luchthaven Brussel Nationaal,zn,,1930,Zaventem,Luchthaven Brussel Nationaal zn 1930 Zaventem,,,,Aviapartner Belgium,Yes
132,472811355,472.811.355,AXALTA COATING SYSTEMS GERMANY GMBH & CO KG,AXALTA COATING SYSTEMS GERMANY GMBH & CO KG Entité étrangère sans établissement belge avec représentant responsable TVA,Entité étrangère sans établissement belge avec représentant responsable TVA,Entité étrangère sans établissement belge avec représentant responsable TVA,64,22/09/2000,Christ Busch,25,,42285,Wuppertal,Christ Busch 25 42285 Wuppertal,,,,Axalta Coating Systems Belgium,No
133,669748178,669.748.178,Axalta Coating Systems UK Holding Limited,Axalta Coating Systems UK Holding Limited,Entité étrangère,,27,19/01/2017,"Unit 1 Quadrant Park, Mundells",xx,,AL7 1FS,Hertfordshire,"Unit 1 Quadrant Park, Mundells xx AL7 1FS Hertfordshire",,,,Axalta Coating Systems Belgium,No
134,407653980,407.653.980,AXI,AXI SA,Société anonyme,SA,12,01/12/1970,Molenweg,107,,2830,Willebroek,Molenweg 107 2830 Willebroek,,,,AXI,Yes
135,447817722,447.817.722,AXI,AXI SPRL,Société privée à responsabilité limitée,SPRL,13,03/07/1992,Tiensestraat,79,,3200,Aarschot,Tiensestraat 79 3200 Aarschot,,,,AXI,Yes
136,543488723,543.488.723,AXI,AXI Unité TVA,Unité TVA,Unité TVA,3,01/01/2014,Mannebeekstraat,31,,8790,Waregem,Mannebeekstraat 31 8790 Waregem,,056/622147,,AXI,Yes
137,649706592,649.706.592,AXIS DEVELOPMENT IT,AXIS DEVELOPMENT IT SPRL,Société privée à responsabilité limitée,SPRL,13,08/03/2016,"Rue de Tourinnes,H.-M.",18,,1320,Beauvechain,"Rue de Tourinnes,H.-M. 18 1320 Beauvechain",tahar.alkaissi@gmail.com,10439741,,AXI,No
138,660828930,660.828.930,AXIS BELGIUM,AXIS BELGIUM SPRL,Société privée à responsabilité limitée,SPRL,13,10/08/2016,Avenue Ginette Javaux,10,10,1160,Auderghem,Avenue Ginette Javaux 10 10 1160 Auderghem,,,,AXI,Yes
139,677922805,677.922.805,AXIS PARC FUND,AXIS PARC FUND SA,Société anonyme,SA,12,05/07/2017,Boulevard Saint-Lazare,4,10,1210,Saint-Josse-ten-Noode,Boulevard Saint-Lazare 4 10 1210 Saint-Josse-ten-Noode,,,,AXI,Yes
140,681774594,681.774.594,Axis Real Estate,Axis Real Estate SRL,Société à responsabilité limitée,SRL,129,26/09/2017,Rue du Fond Cattelain,1,8,1435,Mont-Saint-Guibert,Rue du Fond Cattelain 1 8 1435 Mont-Saint-Guibert,,,,AXI,No
141,681788353,681.788.353,"Axinia, Nicolae","Axinia, Nicolae",,,,,Rond-Point du Pannenhuis,7,1,1090,Jette,Rond-Point du Pannenhuis 7 1 1090 Jette,,,,AXI,Yes
142,683689652,683.689.652,AXIE,AXIE SNC,Société en nom collectif,SNC,9,25/10/2017,Bredabaan,1053,,2930,Brasschaat,Bredabaan 1053 2930 Brasschaat,,,,AXI,Yes
143,684702115,684.702.115,"Axinia, Nicolae","Axinia, Nicolae",,,,,Rue Vanderschrick,115,4,1060,Saint-Gilles,Rue Vanderschrick 115 4 1060 Saint-Gilles,,,,AXI,Yes
